1, Crit0:34052,Crit1:-26271,end
9,700
10,19
11,500
12,3700
13,500
14,3
167,3
451,512
2, Crit0:34707,Crit1:-27123,end
9,700
10,19
11,500
12,3700
13,501700
14,3
167,3
451,512
3, Crit0:34799,Crit1:-26166,end
9,700
10,19
11,500
12,3700
13,501
14,3
167,3
451,512
4, Crit0:35269,Crit1:-25882,end
9,700
10,19
11,500
12,3700
13,502
14,3
167,3
451,512
5, Crit0:35967,Crit1:-25492,end
9,700
10,19
11,500
12,3700
13,503
14,3
167,3
451,512
6, Crit0:34969,Crit1:-25389,end
9,700
10,20
11,500
12,3700
13,503
14,3
167,3
451,512
7, Crit0:36394,Crit1:-25294,end
9,700
10,21
11,500
12,3700
13,503
14,3
167,3
451,512
8, Crit0:23657,Crit1:-24753,end
9,700
10,19700
11,500
12,3700
13,500
14,3
167,3
451,512
9, Crit0:24404,Crit1:-24648,end
9,700
10,19700
11,500
12,3700
13,501
14,3
167,3
451,512
10, Crit0:24874,Crit1:-24364,end
9,700
10,19700
11,500
12,3700
13,502
14,3
167,3
451,512
11, Crit0:25572,Crit1:-25220,end
9,700
10,19700
11,500
12,3700
13,503700
14,3
167,3
451,512
12, Crit0:25572,Crit1:-23974,end
9,700
10,19700
11,500
12,3700
13,503
14,3
167,3
451,512
13, Crit0:36265,Crit1:-25244,end
9,700
10,19
11,502
12,3700
13,503
14,3
167,3
451,512
14, Crit0:36445,Crit1:-26263,end
9,700
10,19
11,503
12,3700
13,503700
14,3
167,3
451,512
15, Crit0:36445,Crit1:-25017,end
9,700
10,19
11,503
12,3700
13,503
14,3
167,3
451,512
16, Crit0:35447,Crit1:-24914,end
9,700
10,20
11,503
12,3700
13,503
14,3
167,3
451,512
17, Crit0:36555,Crit1:-26829,end
9,700
10,21
11,501700
12,3700
13,503700
14,3
167,3
451,512
18, Crit0:36555,Crit1:-25583,end
9,700
10,21
11,501700
12,3700
13,503
14,3
167,3
451,512
19, Crit0:36692,Crit1:-26750,end
9,700
10,21
11,502700
12,3700
13,503700
14,3
167,3
451,512
20, Crit0:36692,Crit1:-25504,end
9,700
10,21
11,502700
12,3700
13,503
14,3
167,3
451,512
21, Crit0:36872,Crit1:-26593,end
9,700
10,21
11,503700
12,3700
13,503700
14,3
167,3
451,512
22, Crit0:36872,Crit1:-25347,end
9,700
10,21
11,503700
12,3700
13,503
14,3
167,3
451,512
23, Crit0:36555,Crit1:-25197,end
9,700
10,21
11,501
12,3700
13,503
14,3
167,3
451,512
24, Crit0:36692,Crit1:-25046,end
9,700
10,21
11,502
12,3700
13,503
14,3
167,3
451,512
25, Crit0:36872,Crit1:-24819,end
9,700
10,21
11,503
12,3700
13,503
14,3
167,3
451,512
26, Crit0:25664,Crit1:-24348,end
9,700
10,21700
11,501700
12,3700
13,503
14,3
167,3
451,512
27, Crit0:25664,Crit1:-23962,end
9,700
10,21700
11,501
12,3700
13,503
14,3
167,3
451,512
28, Crit0:25801,Crit1:-24269,end
9,700
10,21700
11,502700
12,3700
13,503
14,3
167,3
451,512
29, Crit0:25801,Crit1:-23811,end
9,700
10,21700
11,502
12,3700
13,503
14,3
167,3
451,512
30, Crit0:25981,Crit1:-24112,end
9,700
10,21700
11,503700
12,3700
13,503
14,3
167,3
451,512
31, Crit0:25981,Crit1:-23584,end
9,700
10,21700
11,503
12,3700
13,503
14,3
167,3
451,512
32, Crit0:25560,Crit1:-23536,end
9,700
10,20700
11,503
12,3700
13,503
14,3
167,3
451,512
33, Crit0:26050,Crit1:-24745,end
9,700
10,19700
11,503
12,3700
13,503700
14,3
167,3
451,512
34, Crit0:26050,Crit1:-24027,end
9,700
10,19700
11,503700
12,3700
13,503
14,3
167,3
451,512
35, Crit0:26050,Crit1:-23499,end
9,700
10,19700
11,503
12,3700
13,503
14,3
167,3
451,512
36, Crit0:36314,Crit1:-24685,end
9,700
10,19
11,502
12,3700
13,503
14,3
167,3
451,513
37, Crit0:36494,Crit1:-24458,end
9,700
10,19
11,503
12,3700
13,503
14,3
167,3
451,513
38, Crit0:35496,Crit1:-24355,end
9,700
10,20
11,503
12,3700
13,503
14,3
167,3
451,513
39, Crit0:36604,Crit1:-24638,end
9,700
10,21
11,501
12,3700
13,503
14,3
167,3
451,513
40, Crit0:36741,Crit1:-24487,end
9,700
10,21
11,502
12,3700
13,503
14,3
167,3
451,513
41, Crit0:36921,Crit1:-26034,end
9,700
10,21
11,503700
12,3700
13,503700
14,3
167,3
451,513
42, Crit0:36921,Crit1:-24788,end
9,700
10,21
11,503700
12,3700
13,503
14,3
167,3
451,513
43, Crit0:36921,Crit1:-24260,end
9,700
10,21
11,503
12,3700
13,503
14,3
167,3
451,513
44, Crit0:25332,Crit1:-23415,end
9,700
10,21700
11,503
12,3700
13,502
14,3
167,3
451,513
45, Crit0:25713,Crit1:-23403,end
9,700
10,21700
11,501
12,3700
13,503
14,3
167,3
451,513
46, Crit0:25850,Crit1:-23252,end
9,700
10,21700
11,502
12,3700
13,503
14,3
167,3
451,513
47, Crit0:26030,Crit1:-23025,end
9,700
10,21700
11,503
12,3700
13,503
14,3
167,3
451,513
48, Crit0:25609,Crit1:-22977,end
9,700
10,20700
11,503
12,3700
13,503
14,3
167,3
451,513
49, Crit0:26099,Crit1:-24186,end
9,700
10,19700
11,503
12,3700
13,503700
14,3
167,3
451,513
50, Crit0:26099,Crit1:-23468,end
9,700
10,19700
11,503700
12,3700
13,503
14,3
167,3
451,513
51, Crit0:26099,Crit1:-22940,end
9,700
10,19700
11,503
12,3700
13,503
14,3
167,3
451,513
52, Crit0:36150,Crit1:-24180,end
9,700
10,19
11,502
12,3700
13,503
14,3
167,3
451,515
53, Crit0:36330,Crit1:-23953,end
9,700
10,19
11,503
12,3700
13,503
14,3
167,3
451,515
54, Crit0:35332,Crit1:-23850,end
9,700
10,20
11,503
12,3700
13,503
14,3
167,3
451,515
55, Crit0:36440,Crit1:-24133,end
9,700
10,21
11,501
12,3700
13,503
14,3
167,3
451,515
56, Crit0:36577,Crit1:-23982,end
9,700
10,21
11,502
12,3700
13,503
14,3
167,3
451,515
57, Crit0:36757,Crit1:-23755,end
9,700
10,21
11,503
12,3700
13,503
14,3
167,3
451,515
58, Crit0:25168,Crit1:-22910,end
9,700
10,21700
11,503
12,3700
13,502
14,3
167,3
451,515
59, Crit0:24747,Crit1:-22862,end
9,700
10,20700
11,503
12,3700
13,502
14,3
167,3
451,515
60, Crit0:25237,Crit1:-22825,end
9,700
10,19700
11,503
12,3700
13,502
14,3
167,3
451,515
61, Crit0:25549,Crit1:-22898,end
9,700
10,21700
11,501
12,3700
13,503
14,3
167,3
451,515
62, Crit0:25686,Crit1:-22747,end
9,700
10,21700
11,502
12,3700
13,503
14,3
167,3
451,515
63, Crit0:25866,Crit1:-22520,end
9,700
10,21700
11,503
12,3700
13,503
14,3
167,3
451,515
64, Crit0:25445,Crit1:-22472,end
9,700
10,20700
11,503
12,3700
13,503
14,3
167,3
451,515
65, Crit0:25935,Crit1:-22435,end
9,700
10,19700
11,503
12,3700
13,503
14,3
167,3
451,515
66, Crit0:36964,Crit1:-25796,end
9,700
10,21
11,503700
12,3700
13,503700
14,3
167,3
451,514
67, Crit0:36964,Crit1:-25268,end
9,700
10,21
11,503
12,3700
13,503700
14,3
167,3
451,514
68, Crit0:36964,Crit1:-24550,end
9,700
10,21
11,503700
12,3700
13,503
14,3
167,3
451,514
69, Crit0:36784,Crit1:-24249,end
9,700
10,21
11,502
12,3700
13,503
14,3
167,3
451,514
70, Crit0:36964,Crit1:-24022,end
9,700
10,21
11,503
12,3700
13,503
14,3
167,3
451,514
71, Crit0:26073,Crit1:-22787,end
9,700
10,21700
11,503
12,3700
13,503
14,3
167,3
451,514
72, Crit0:26142,Crit1:-23230,end
9,700
10,19700
11,503700
12,3700
13,503
14,3
167,3
451,514
73, Crit0:26142,Crit1:-22702,end
9,700
10,19700
11,503
12,3700
13,503
14,3
167,3
451,514
74, Crit0:34063,Crit1:-23488,end
9,700
10,19
11,501700
12,3700
13,500700
14,3
167,3
451,512700
75, Crit0:34811,Crit1:-23485,end
9,700
10,19
11,501700
12,3700
13,501700
14,3
167,3
451,512700
76, Crit0:35373,Crit1:-23367,end
9,700
10,19
11,501700
12,3700
13,502700
14,3
167,3
451,512700
77, Crit0:36071,Crit1:-23100,end
9,700
10,19
11,501700
12,3700
13,503700
14,3
167,3
451,512700
78, Crit0:34156,Crit1:-22633,end
9,700
10,19
11,501700
12,3700
13,500
14,3
167,3
451,512700
79, Crit0:34903,Crit1:-22528,end
9,700
10,19
11,501700
12,3700
13,501
14,3
167,3
451,512700
80, Crit0:35373,Crit1:-22244,end
9,700
10,19
11,501700
12,3700
13,502
14,3
167,3
451,512700
81, Crit0:36071,Crit1:-21854,end
9,700
10,19
11,501700
12,3700
13,503
14,3
167,3
451,512700
82, Crit0:35910,Crit1:-21834,end
9,700
10,19
11,500700
12,3700
13,503
14,3
167,3
451,512700
83, Crit0:36208,Crit1:-23021,end
9,700
10,19
11,502700
12,3700
13,503700
14,3
167,3
451,512700
84, Crit0:36208,Crit1:-21775,end
9,700
10,19
11,502700
12,3700
13,503
14,3
167,3
451,512700
85, Crit0:36388,Crit1:-22864,end
9,700
10,19
11,503700
12,3700
13,503700
14,3
167,3
451,512700
86, Crit0:36388,Crit1:-21618,end
9,700
10,19
11,503700
12,3700
13,503
14,3
167,3
451,512700
87, Crit0:35690,Crit1:-21480,end
9,700
10,19
11,503
12,3700
13,502
14,3
167,3
451,512700
88, Crit0:35910,Crit1:-21565,end
9,700
10,19
11,500
12,3700
13,503
14,3
167,3
451,512700
89, Crit0:36071,Crit1:-21468,end
9,700
10,19
11,501
12,3700
13,503
14,3
167,3
451,512700
90, Crit0:36208,Crit1:-21317,end
9,700
10,19
11,502
12,3700
13,503
14,3
167,3
451,512700
91, Crit0:36388,Crit1:-21090,end
9,700
10,19
11,503
12,3700
13,503
14,3
167,3
451,512700
92, Crit0:35390,Crit1:-20987,end
9,700
10,20
11,503
12,3700
13,503
14,3
167,3
451,512700
93, Crit0:36498,Crit1:-22902,end
9,700
10,21
11,501700
12,3700
13,503700
14,3
167,3
451,512700
94, Crit0:36498,Crit1:-21656,end
9,700
10,21
11,501700
12,3700
13,503
14,3
167,3
451,512700
95, Crit0:36635,Crit1:-22823,end
9,700
10,21
11,502700
12,3700
13,503700
14,3
167,3
451,512700
96, Crit0:36635,Crit1:-21577,end
9,700
10,21
11,502700
12,3700
13,503
14,3
167,3
451,512700
97, Crit0:36815,Crit1:-22666,end
9,700
10,21
11,503700
12,3700
13,503700
14,3
167,3
451,512700
98, Crit0:36815,Crit1:-21420,end
9,700
10,21
11,503700
12,3700
13,503
14,3
167,3
451,512700
99, Crit0:36498,Crit1:-21270,end
9,700
10,21
11,501
12,3700
13,503
14,3
167,3
451,512700
100, Crit0:36635,Crit1:-21119,end
9,700
10,21
11,502
12,3700
13,503
14,3
167,3
451,512700
101, Crit0:36815,Crit1:-20892,end
9,700
10,21
11,503
12,3700
13,503
14,3
167,3
451,512700
102, Crit0:23692,Crit1:-20814,end
9,700
10,21700
11,501
12,3700
13,500
14,3
167,3
451,512700
103, Crit0:23829,Crit1:-20663,end
9,700
10,21700
11,502
12,3700
13,500
14,3
167,3
451,512700
104, Crit0:24009,Crit1:-20436,end
9,700
10,21700
11,503
12,3700
13,500
14,3
167,3
451,512700
105, Crit0:24756,Crit1:-20859,end
9,700
10,21700
11,503700
12,3700
13,501
14,3
167,3
451,512700
106, Crit0:24278,Crit1:-20806,end
9,700
10,21700
11,500
12,3700
13,501
14,3
167,3
451,512700
107, Crit0:24439,Crit1:-20709,end
9,700
10,21700
11,501
12,3700
13,501
14,3
167,3
451,512700
108, Crit0:24576,Crit1:-20558,end
9,700
10,21700
11,502
12,3700
13,501
14,3
167,3
451,512700
109, Crit0:24756,Crit1:-20331,end
9,700
10,21700
11,503
12,3700
13,501
14,3
167,3
451,512700
110, Crit0:24909,Crit1:-20811,end
9,700
10,21700
11,501700
12,3700
13,502
14,3
167,3
451,512700
111, Crit0:25046,Crit1:-20732,end
9,700
10,21700
11,502700
12,3700
13,502
14,3
167,3
451,512700
112, Crit0:25226,Crit1:-20575,end
9,700
10,21700
11,503700
12,3700
13,502
14,3
167,3
451,512700
113, Crit0:24909,Crit1:-20425,end
9,700
10,21700
11,501
12,3700
13,502
14,3
167,3
451,512700
114, Crit0:25046,Crit1:-20274,end
9,700
10,21700
11,502
12,3700
13,502
14,3
167,3
451,512700
115, Crit0:25226,Crit1:-20047,end
9,700
10,21700
11,503
12,3700
13,502
14,3
167,3
451,512700
116, Crit0:25607,Crit1:-20421,end
9,700
10,21700
11,501700
12,3700
13,503
14,3
167,3
451,512700
117, Crit0:25446,Crit1:-20401,end
9,700
10,21700
11,500700
12,3700
13,503
14,3
167,3
451,512700
118, Crit0:25744,Crit1:-20342,end
9,700
10,21700
11,502700
12,3700
13,503
14,3
167,3
451,512700
119, Crit0:25924,Crit1:-20185,end
9,700
10,21700
11,503700
12,3700
13,503
14,3
167,3
451,512700
120, Crit0:25446,Crit1:-20132,end
9,700
10,21700
11,500
12,3700
13,503
14,3
167,3
451,512700
121, Crit0:25607,Crit1:-20035,end
9,700
10,21700
11,501
12,3700
13,503
14,3
167,3
451,512700
122, Crit0:25744,Crit1:-19884,end
9,700
10,21700
11,502
12,3700
13,503
14,3
167,3
451,512700
123, Crit0:25924,Crit1:-19657,end
9,700
10,21700
11,503
12,3700
13,503
14,3
167,3
451,512700
124, Crit0:25503,Crit1:-19609,end
9,700
10,20700
11,503
12,3700
13,503
14,3
167,3
451,512700
125, Crit0:25993,Crit1:-20818,end
9,700
10,19700
11,503
12,3700
13,503700
14,3
167,3
451,512700
126, Crit0:25993,Crit1:-20100,end
9,700
10,19700
11,503700
12,3700
13,503
14,3
167,3
451,512700
127, Crit0:25993,Crit1:-19572,end
9,700
10,19700
11,503
12,3700
13,503
14,3
167,3
451,512700
128, Crit0:36972,Crit1:-28369,end
9,700
10,19
11,501700
12,1
13,503700
14,3
167,3
451,512
129, Crit0:37109,Crit1:-28290,end
9,700
10,19
11,502700
12,1
13,503700
14,3
167,3
451,512
130, Crit0:37289,Crit1:-28133,end
9,700
10,19
11,503700
12,1
13,503700
14,3
167,3
451,512
131, Crit0:36972,Crit1:-27983,end
9,700
10,19
11,501
12,1
13,503700
14,3
167,3
451,512
132, Crit0:37109,Crit1:-27832,end
9,700
10,19
11,502
12,1
13,503700
14,3
167,3
451,512
133, Crit0:37289,Crit1:-27605,end
9,700
10,19
11,503
12,1
13,503700
14,3
167,3
451,512
134, Crit0:36972,Crit1:-27123,end
9,700
10,19
11,501700
12,1
13,503
14,3
167,3
451,512
135, Crit0:37109,Crit1:-27044,end
9,700
10,19
11,502700
12,1
13,503
14,3
167,3
451,512
136, Crit0:37289,Crit1:-26887,end
9,700
10,19
11,503700
12,1
13,503
14,3
167,3
451,512
137, Crit0:36972,Crit1:-26737,end
9,700
10,19
11,501
12,1
13,503
14,3
167,3
451,512
138, Crit0:37109,Crit1:-26586,end
9,700
10,19
11,502
12,1
13,503
14,3
167,3
451,512
139, Crit0:37289,Crit1:-26359,end
9,700
10,19
11,503
12,1
13,503
14,3
167,3
451,512
140, Crit0:37399,Crit1:-28171,end
9,700
10,21
11,501700
12,1
13,503700
14,3
167,3
451,512
141, Crit0:37536,Crit1:-28092,end
9,700
10,21
11,502700
12,1
13,503700
14,3
167,3
451,512
142, Crit0:37716,Crit1:-27935,end
9,700
10,21
11,503700
12,1
13,503700
14,3
167,3
451,512
143, Crit0:37399,Crit1:-27785,end
9,700
10,21
11,501
12,1
13,503700
14,3
167,3
451,512
144, Crit0:37536,Crit1:-27634,end
9,700
10,21
11,502
12,1
13,503700
14,3
167,3
451,512
145, Crit0:37716,Crit1:-27407,end
9,700
10,21
11,503
12,1
13,503700
14,3
167,3
451,512
146, Crit0:37399,Crit1:-26925,end
9,700
10,21
11,501700
12,1
13,503
14,3
167,3
451,512
147, Crit0:37536,Crit1:-26846,end
9,700
10,21
11,502700
12,1
13,503
14,3
167,3
451,512
148, Crit0:37716,Crit1:-26689,end
9,700
10,21
11,503700
12,1
13,503
14,3
167,3
451,512
149, Crit0:37399,Crit1:-26539,end
9,700
10,21
11,501
12,1
13,503
14,3
167,3
451,512
150, Crit0:37536,Crit1:-26388,end
9,700
10,21
11,502
12,1
13,503
14,3
167,3
451,512
151, Crit0:37716,Crit1:-26161,end
9,700
10,21
11,503
12,1
13,503
14,3
167,3
451,512
152, Crit0:37052,Crit1:-24363,end
9,700
10,19
11,502700
12,1
13,503700
14,3
167,3
451,512700
153, Crit0:37232,Crit1:-24206,end
9,700
10,19
11,503700
12,1
13,503700
14,3
167,3
451,512700
154, Crit0:37052,Crit1:-23905,end
9,700
10,19
11,502
12,1
13,503700
14,3
167,3
451,512700
155, Crit0:37232,Crit1:-23678,end
9,700
10,19
11,503
12,1
13,503700
14,3
167,3
451,512700
156, Crit0:37338,Crit1:-25800,end
9,700
10,19
11,503
12,1
13,503
14,3
167,3
451,513
157, Crit0:37381,Crit1:-26090,end
9,700
10,19
11,503700
12,1
13,503
14,3
167,3
451,514
158, Crit0:37381,Crit1:-25562,end
9,700
10,19
11,503
12,1
13,503
14,3
167,3
451,514
159, Crit0:36915,Crit1:-23196,end
9,700
10,19
11,501700
12,1
13,503
14,3
167,3
451,512700
160, Crit0:37052,Crit1:-23117,end
9,700
10,19
11,502700
12,1
13,503
14,3
167,3
451,512700
161, Crit0:37232,Crit1:-22960,end
9,700
10,19
11,503700
12,1
13,503
14,3
167,3
451,512700
162, Crit0:36915,Crit1:-22810,end
9,700
10,19
11,501
12,1
13,503
14,3
167,3
451,512700
163, Crit0:37052,Crit1:-22659,end
9,700
10,19
11,502
12,1
13,503
14,3
167,3
451,512700
164, Crit0:37232,Crit1:-22432,end
9,700
10,19
11,503
12,1
13,503
14,3
167,3
451,512700
165, Crit0:37765,Crit1:-27376,end
9,700
10,21
11,503700
12,1
13,503700
14,3
167,3
451,513
166, Crit0:37765,Crit1:-26848,end
9,700
10,21
11,503
12,1
13,503700
14,3
167,3
451,513
167, Crit0:37808,Crit1:-27138,end
9,700
10,21
11,503700
12,1
13,503700
14,3
167,3
451,514
168, Crit0:37808,Crit1:-26610,end
9,700
10,21
11,503
12,1
13,503700
14,3
167,3
451,514
169, Crit0:37342,Crit1:-24244,end
9,700
10,21
11,501700
12,1
13,503700
14,3
167,3
451,512700
170, Crit0:37479,Crit1:-24165,end
9,700
10,21
11,502700
12,1
13,503700
14,3
167,3
451,512700
171, Crit0:37659,Crit1:-24008,end
9,700
10,21
11,503700
12,1
13,503700
14,3
167,3
451,512700
172, Crit0:37342,Crit1:-23858,end
9,700
10,21
11,501
12,1
13,503700
14,3
167,3
451,512700
173, Crit0:37479,Crit1:-23707,end
9,700
10,21
11,502
12,1
13,503700
14,3
167,3
451,512700
174, Crit0:37659,Crit1:-23480,end
9,700
10,21
11,503
12,1
13,503700
14,3
167,3
451,512700
175, Crit0:37765,Crit1:-26130,end
9,700
10,21
11,503700
12,1
13,503
14,3
167,3
451,513
176, Crit0:37765,Crit1:-25602,end
9,700
10,21
11,503
12,1
13,503
14,3
167,3
451,513
177, Crit0:37808,Crit1:-25892,end
9,700
10,21
11,503700
12,1
13,503
14,3
167,3
451,514
178, Crit0:37808,Crit1:-25364,end
9,700
10,21
11,503
12,1
13,503
14,3
167,3
451,514
179, Crit0:37342,Crit1:-22998,end
9,700
10,21
11,501700
12,1
13,503
14,3
167,3
451,512700
180, Crit0:37479,Crit1:-22919,end
9,700
10,21
11,502700
12,1
13,503
14,3
167,3
451,512700
181, Crit0:37659,Crit1:-22762,end
9,700
10,21
11,503700
12,1
13,503
14,3
167,3
451,512700
182, Crit0:37342,Crit1:-22612,end
9,700
10,21
11,501
12,1
13,503
14,3
167,3
451,512700
183, Crit0:37479,Crit1:-22461,end
9,700
10,21
11,502
12,1
13,503
14,3
167,3
451,512700
184, Crit0:37659,Crit1:-22234,end
9,700
10,21
11,503
12,1
13,503
14,3
167,3
451,512700
185, Crit0:37700,Crit1:-25270,end
9,700
10,21
11,503
12,2
13,503
14,3
167,3
451,514
186, Crit0:37551,Crit1:-22140,end
9,700
10,21
11,503
12,2
13,503
14,3
167,3
451,512700
187, Crit0:26239,Crit1:-20857,end
9,700
10,20700
11,503
12,2
13,503
14,3
167,3
451,512700
188, Crit0:26729,Crit1:-20820,end
9,700
10,19700
11,503
12,2
13,503
14,3
167,3
451,512700
189, Crit0:37828,Crit1:-26963,end
9,700
10,21
11,503700
12,3
13,503700
14,3
167,3
451,514
190, Crit0:37679,Crit1:-23833,end
9,700
10,21
11,503700
12,3
13,503700
14,3
167,3
451,512700
191, Crit0:37828,Crit1:-26435,end
9,700
10,21
11,503
12,3
13,503700
14,3
167,3
451,514
192, Crit0:37679,Crit1:-23305,end
9,700
10,21
11,503
12,3
13,503700
14,3
167,3
451,512700
193, Crit0:37828,Crit1:-25717,end
9,700
10,21
11,503700
12,3
13,503
14,3
167,3
451,514
194, Crit0:37679,Crit1:-22587,end
9,700
10,21
11,503700
12,3
13,503
14,3
167,3
451,512700
195, Crit0:37828,Crit1:-25189,end
9,700
10,21
11,503
12,3
13,503
14,3
167,3
451,514
196, Crit0:37679,Crit1:-22059,end
9,700
10,21
11,503
12,3
13,503
14,3
167,3
451,512700
197, Crit0:26788,Crit1:-20824,end
9,700
10,21700
11,503
12,3
13,503
14,3
167,3
451,512700
198, Crit0:26367,Crit1:-20776,end
9,700
10,20700
11,503
12,3
13,503
14,3
167,3
451,512700
199, Crit0:26857,Crit1:-20739,end
9,700
10,19700
11,503
12,3
13,503
14,3
167,3
451,512700
200, Crit0:37858,Crit1:-28252,end
9,700
10,21
11,502700
12,1
13,503700
14,3
167,1
451,512
201, Crit0:38038,Crit1:-28095,end
9,700
10,21
11,503700
12,1
13,503700
14,3
167,1
451,512
202, Crit0:37858,Crit1:-27794,end
9,700
10,21
11,502
12,1
13,503700
14,3
167,1
451,512
203, Crit0:38038,Crit1:-27567,end
9,700
10,21
11,503
12,1
13,503700
14,3
167,1
451,512
204, Crit0:37930,Crit1:-27473,end
9,700
10,21
11,503
12,2
13,503700
14,3
167,1
451,512
205, Crit0:38058,Crit1:-27920,end
9,700
10,21
11,503700
12,3
13,503700
14,3
167,1
451,512
206, Crit0:38058,Crit1:-27392,end
9,700
10,21
11,503
12,3
13,503700
14,3
167,1
451,512
207, Crit0:37858,Crit1:-27006,end
9,700
10,21
11,502700
12,1
13,503
14,3
167,1
451,512
208, Crit0:38038,Crit1:-26849,end
9,700
10,21
11,503700
12,1
13,503
14,3
167,1
451,512
209, Crit0:37858,Crit1:-26548,end
9,700
10,21
11,502
12,1
13,503
14,3
167,1
451,512
210, Crit0:38038,Crit1:-26321,end
9,700
10,21
11,503
12,1
13,503
14,3
167,1
451,512
211, Crit0:37930,Crit1:-26227,end
9,700
10,21
11,503
12,2
13,503
14,3
167,1
451,512
212, Crit0:38058,Crit1:-26674,end
9,700
10,21
11,503700
12,3
13,503
14,3
167,1
451,512
213, Crit0:38058,Crit1:-26146,end
9,700
10,21
11,503
12,3
13,503
14,3
167,1
451,512
214, Crit0:37801,Crit1:-24325,end
9,700
10,21
11,502700
12,1
13,503700
14,3
167,1
451,512700
215, Crit0:38087,Crit1:-27536,end
9,700
10,21
11,503700
12,1
13,503700
14,3
167,1
451,513
216, Crit0:38130,Crit1:-27298,end
9,700
10,21
11,503700
12,1
13,503700
14,3
167,1
451,514
217, Crit0:37981,Crit1:-24168,end
9,700
10,21
11,503700
12,1
13,503700
14,3
167,1
451,512700
218, Crit0:37801,Crit1:-23867,end
9,700
10,21
11,502
12,1
13,503700
14,3
167,1
451,512700
219, Crit0:38087,Crit1:-27008,end
9,700
10,21
11,503
12,1
13,503700
14,3
167,1
451,513
220, Crit0:38130,Crit1:-26770,end
9,700
10,21
11,503
12,1
13,503700
14,3
167,1
451,514
221, Crit0:37981,Crit1:-23640,end
9,700
10,21
11,503
12,1
13,503700
14,3
167,1
451,512700
222, Crit0:37801,Crit1:-23079,end
9,700
10,21
11,502700
12,1
13,503
14,3
167,1
451,512700
223, Crit0:38087,Crit1:-26290,end
9,700
10,21
11,503700
12,1
13,503
14,3
167,1
451,513
224, Crit0:38130,Crit1:-26052,end
9,700
10,21
11,503700
12,1
13,503
14,3
167,1
451,514
225, Crit0:37981,Crit1:-22922,end
9,700
10,21
11,503700
12,1
13,503
14,3
167,1
451,512700
226, Crit0:37801,Crit1:-22621,end
9,700
10,21
11,502
12,1
13,503
14,3
167,1
451,512700
227, Crit0:38087,Crit1:-25762,end
9,700
10,21
11,503
12,1
13,503
14,3
167,1
451,513
228, Crit0:38130,Crit1:-25524,end
9,700
10,21
11,503
12,1
13,503
14,3
167,1
451,514
229, Crit0:37981,Crit1:-22394,end
9,700
10,21
11,503
12,1
13,503
14,3
167,1
451,512700
230, Crit0:38022,Crit1:-25430,end
9,700
10,21
11,503
12,2
13,503
14,3
167,1
451,514
231, Crit0:37873,Crit1:-22300,end
9,700
10,21
11,503
12,2
13,503
14,3
167,1
451,512700
232, Crit0:38150,Crit1:-27123,end
9,700
10,21
11,503700
12,3
13,503700
14,3
167,1
451,514
233, Crit0:38001,Crit1:-23993,end
9,700
10,21
11,503700
12,3
13,503700
14,3
167,1
451,512700
234, Crit0:38150,Crit1:-26595,end
9,700
10,21
11,503
12,3
13,503700
14,3
167,1
451,514
235, Crit0:38001,Crit1:-23465,end
9,700
10,21
11,503
12,3
13,503700
14,3
167,1
451,512700
236, Crit0:38150,Crit1:-25877,end
9,700
10,21
11,503700
12,3
13,503
14,3
167,1
451,514
237, Crit0:38150,Crit1:-25349,end
9,700
10,21
11,503
12,3
13,503
14,3
167,1
451,514
238, Crit0:38001,Crit1:-22747,end
9,700
10,21
11,503700
12,3
13,503
14,3
167,1
451,512700
239, Crit0:38001,Crit1:-22219,end
9,700
10,21
11,503
12,3
13,503
14,3
167,1
451,512700
240, Crit0:36820,Crit1:-21816,end
9,700
10,21
11,501700
12,3700
13,503
14,3
167,1
451,512700
241, Crit0:36957,Crit1:-21737,end
9,700
10,21
11,502700
12,3700
13,503
14,3
167,1
451,512700
242, Crit0:37137,Crit1:-21580,end
9,700
10,21
11,503700
12,3700
13,503
14,3
167,1
451,512700
243, Crit0:36820,Crit1:-21430,end
9,700
10,21
11,501
12,3700
13,503
14,3
167,1
451,512700
244, Crit0:36957,Crit1:-21279,end
9,700
10,21
11,502
12,3700
13,503
14,3
167,1
451,512700
245, Crit0:37137,Crit1:-21052,end
9,700
10,21
11,503
12,3700
13,503
14,3
167,1
451,512700
246, Crit0:26066,Crit1:-20502,end
9,700
10,21700
11,502700
12,3700
13,503
14,3
167,1
451,512700
247, Crit0:26246,Crit1:-20345,end
9,700
10,21700
11,503700
12,3700
13,503
14,3
167,1
451,512700
248, Crit0:26066,Crit1:-20044,end
9,700
10,21700
11,502
12,3700
13,503
14,3
167,1
451,512700
249, Crit0:26246,Crit1:-19817,end
9,700
10,21700
11,503
12,3700
13,503
14,3
167,1
451,512700
250, Crit0:26315,Crit1:-20260,end
9,700
10,19700
11,503700
12,3700
13,503
14,3
167,1
451,512700
251, Crit0:26315,Crit1:-19732,end
9,700
10,19700
11,503
12,3700
13,503
14,3
167,1
451,512700
252, Crit0:38315,Crit1:-28231,end
9,700
10,19
11,503700
12,1
13,503700
14,3
167,2
451,512
253, Crit0:38315,Crit1:-27703,end
9,700
10,19
11,503
12,1
13,503700
14,3
167,2
451,512
254, Crit0:38207,Crit1:-27609,end
9,700
10,19
11,503
12,2
13,503700
14,3
167,2
451,512
255, Crit0:38335,Crit1:-28056,end
9,700
10,19
11,503700
12,3
13,503700
14,3
167,2
451,512
256, Crit0:38335,Crit1:-27528,end
9,700
10,19
11,503
12,3
13,503700
14,3
167,2
451,512
257, Crit0:38425,Crit1:-28269,end
9,700
10,21
11,501700
12,1
13,503700
14,3
167,2
451,512
258, Crit0:38562,Crit1:-28190,end
9,700
10,21
11,502700
12,1
13,503700
14,3
167,2
451,512
259, Crit0:38742,Crit1:-28033,end
9,700
10,21
11,503700
12,1
13,503700
14,3
167,2
451,512
260, Crit0:38425,Crit1:-27883,end
9,700
10,21
11,501
12,1
13,503700
14,3
167,2
451,512
261, Crit0:38562,Crit1:-27732,end
9,700
10,21
11,502
12,1
13,503700
14,3
167,2
451,512
262, Crit0:38742,Crit1:-27505,end
9,700
10,21
11,503
12,1
13,503700
14,3
167,2
451,512
263, Crit0:38634,Crit1:-27411,end
9,700
10,21
11,503
12,2
13,503700
14,3
167,2
451,512
264, Crit0:38762,Crit1:-27858,end
9,700
10,21
11,503700
12,3
13,503700
14,3
167,2
451,512
265, Crit0:38762,Crit1:-27330,end
9,700
10,21
11,503
12,3
13,503700
14,3
167,2
451,512
266, Crit0:38315,Crit1:-26985,end
9,700
10,19
11,503700
12,1
13,503
14,3
167,2
451,512
267, Crit0:38315,Crit1:-26457,end
9,700
10,19
11,503
12,1
13,503
14,3
167,2
451,512
268, Crit0:38207,Crit1:-26363,end
9,700
10,19
11,503
12,2
13,503
14,3
167,2
451,512
269, Crit0:38335,Crit1:-26810,end
9,700
10,19
11,503700
12,3
13,503
14,3
167,2
451,512
270, Crit0:38335,Crit1:-26282,end
9,700
10,19
11,503
12,3
13,503
14,3
167,2
451,512
271, Crit0:38425,Crit1:-27023,end
9,700
10,21
11,501700
12,1
13,503
14,3
167,2
451,512
272, Crit0:38562,Crit1:-26944,end
9,700
10,21
11,502700
12,1
13,503
14,3
167,2
451,512
273, Crit0:38742,Crit1:-26787,end
9,700
10,21
11,503700
12,1
13,503
14,3
167,2
451,512
274, Crit0:38425,Crit1:-26637,end
9,700
10,21
11,501
12,1
13,503
14,3
167,2
451,512
275, Crit0:38562,Crit1:-26486,end
9,700
10,21
11,502
12,1
13,503
14,3
167,2
451,512
276, Crit0:38742,Crit1:-26259,end
9,700
10,21
11,503
12,1
13,503
14,3
167,2
451,512
277, Crit0:38634,Crit1:-26165,end
9,700
10,21
11,503
12,2
13,503
14,3
167,2
451,512
278, Crit0:38762,Crit1:-26612,end
9,700
10,21
11,503700
12,3
13,503
14,3
167,2
451,512
279, Crit0:38762,Crit1:-26084,end
9,700
10,21
11,503
12,3
13,503
14,3
167,2
451,512
280, Crit0:38204,Crit1:-25950,end
9,700
10,19
11,502
12,3
13,503
14,3
167,2
451,513
281, Crit0:38364,Crit1:-25898,end
9,700
10,19
11,503
12,1
13,503
14,3
167,2
451,513
282, Crit0:38256,Crit1:-25804,end
9,700
10,19
11,503
12,2
13,503
14,3
167,2
451,513
283, Crit0:38384,Crit1:-25723,end
9,700
10,19
11,503
12,3
13,503
14,3
167,2
451,513
284, Crit0:38791,Crit1:-27474,end
9,700
10,21
11,503700
12,1
13,503700
14,3
167,2
451,513
285, Crit0:38791,Crit1:-26946,end
9,700
10,21
11,503
12,1
13,503700
14,3
167,2
451,513
286, Crit0:38811,Crit1:-27299,end
9,700
10,21
11,503700
12,3
13,503700
14,3
167,2
451,513
287, Crit0:38811,Crit1:-26771,end
9,700
10,21
11,503
12,3
13,503700
14,3
167,2
451,513
288, Crit0:38791,Crit1:-26228,end
9,700
10,21
11,503700
12,1
13,503
14,3
167,2
451,513
289, Crit0:38474,Crit1:-26078,end
9,700
10,21
11,501
12,1
13,503
14,3
167,2
451,513
290, Crit0:38611,Crit1:-25927,end
9,700
10,21
11,502
12,1
13,503
14,3
167,2
451,513
291, Crit0:38791,Crit1:-25700,end
9,700
10,21
11,503
12,1
13,503
14,3
167,2
451,513
292, Crit0:38683,Crit1:-25606,end
9,700
10,21
11,503
12,2
13,503
14,3
167,2
451,513
293, Crit0:38811,Crit1:-26053,end
9,700
10,21
11,503700
12,3
13,503
14,3
167,2
451,513
294, Crit0:38811,Crit1:-25525,end
9,700
10,21
11,503
12,3
13,503
14,3
167,2
451,513
295, Crit0:38427,Crit1:-25485,end
9,700
10,19
11,503
12,3
13,503
14,3
167,2
451,514
296, Crit0:38834,Crit1:-27236,end
9,700
10,21
11,503700
12,1
13,503700
14,3
167,2
451,514
297, Crit0:38834,Crit1:-26708,end
9,700
10,21
11,503
12,1
13,503700
14,3
167,2
451,514
298, Crit0:38834,Crit1:-25990,end
9,700
10,21
11,503700
12,1
13,503
14,3
167,2
451,514
299, Crit0:38834,Crit1:-25462,end
9,700
10,21
11,503
12,1
13,503
14,3
167,2
451,514
300, Crit0:38726,Crit1:-25368,end
9,700
10,21
11,503
12,2
13,503
14,3
167,2
451,514
301, Crit0:38854,Crit1:-27061,end
9,700
10,21
11,503700
12,3
13,503700
14,3
167,2
451,514
302, Crit0:38854,Crit1:-26533,end
9,700
10,21
11,503
12,3
13,503700
14,3
167,2
451,514
303, Crit0:38854,Crit1:-25815,end
9,700
10,21
11,503700
12,3
13,503
14,3
167,2
451,514
304, Crit0:38854,Crit1:-25287,end
9,700
10,21
11,503
12,3
13,503
14,3
167,2
451,514
305, Crit0:38220,Crit1:-25218,end
9,700
10,19
11,503
12,3
13,503
14,3
167,2
451,515
306, Crit0:38467,Crit1:-25247,end
9,700
10,21
11,502
12,3
13,503
14,3
167,2
451,515
307, Crit0:38627,Crit1:-25195,end
9,700
10,21
11,503
12,1
13,503
14,3
167,2
451,515
308, Crit0:38519,Crit1:-25101,end
9,700
10,21
11,503
12,2
13,503
14,3
167,2
451,515
309, Crit0:38647,Crit1:-25020,end
9,700
10,21
11,503
12,3
13,503
14,3
167,2
451,515
310, Crit0:38010,Crit1:-25005,end
9,700
10,21
11,503
12,3
13,503
14,3
167,2
451,700
311, Crit0:38078,Crit1:-24461,end
9,700
10,19
11,502700
12,1
13,503700
14,3
167,2
451,512700
312, Crit0:38258,Crit1:-24304,end
9,700
10,19
11,503700
12,1
13,503700
14,3
167,2
451,512700
313, Crit0:38078,Crit1:-24003,end
9,700
10,19
11,502
12,1
13,503700
14,3
167,2
451,512700
314, Crit0:38258,Crit1:-23776,end
9,700
10,19
11,503
12,1
13,503700
14,3
167,2
451,512700
315, Crit0:38078,Crit1:-23215,end
9,700
10,19
11,502700
12,1
13,503
14,3
167,2
451,512700
316, Crit0:38258,Crit1:-23058,end
9,700
10,19
11,503700
12,1
13,503
14,3
167,2
451,512700
317, Crit0:38078,Crit1:-22757,end
9,700
10,19
11,502
12,1
13,503
14,3
167,2
451,512700
318, Crit0:38258,Crit1:-22530,end
9,700
10,19
11,503
12,1
13,503
14,3
167,2
451,512700
319, Crit0:38368,Crit1:-24342,end
9,700
10,21
11,501700
12,1
13,503700
14,3
167,2
451,512700
320, Crit0:38505,Crit1:-24263,end
9,700
10,21
11,502700
12,1
13,503700
14,3
167,2
451,512700
321, Crit0:38685,Crit1:-24106,end
9,700
10,21
11,503700
12,1
13,503700
14,3
167,2
451,512700
322, Crit0:38368,Crit1:-23956,end
9,700
10,21
11,501
12,1
13,503700
14,3
167,2
451,512700
323, Crit0:38505,Crit1:-23805,end
9,700
10,21
11,502
12,1
13,503700
14,3
167,2
451,512700
324, Crit0:38685,Crit1:-23578,end
9,700
10,21
11,503
12,1
13,503700
14,3
167,2
451,512700
325, Crit0:38368,Crit1:-23096,end
9,700
10,21
11,501700
12,1
13,503
14,3
167,2
451,512700
326, Crit0:38505,Crit1:-23017,end
9,700
10,21
11,502700
12,1
13,503
14,3
167,2
451,512700
327, Crit0:38685,Crit1:-22860,end
9,700
10,21
11,503700
12,1
13,503
14,3
167,2
451,512700
328, Crit0:38368,Crit1:-22710,end
9,700
10,21
11,501
12,1
13,503
14,3
167,2
451,512700
329, Crit0:38505,Crit1:-22559,end
9,700
10,21
11,502
12,1
13,503
14,3
167,2
451,512700
330, Crit0:38685,Crit1:-22332,end
9,700
10,21
11,503
12,1
13,503
14,3
167,2
451,512700
331, Crit0:38577,Crit1:-22238,end
9,700
10,21
11,503
12,2
13,503
14,3
167,2
451,512700
332, Crit0:38705,Crit1:-23931,end
9,700
10,21
11,503700
12,3
13,503700
14,3
167,2
451,512700
333, Crit0:38705,Crit1:-23403,end
9,700
10,21
11,503
12,3
13,503700
14,3
167,2
451,512700
334, Crit0:38705,Crit1:-22685,end
9,700
10,21
11,503700
12,3
13,503
14,3
167,2
451,512700
335, Crit0:38705,Crit1:-22157,end
9,700
10,21
11,503
12,3
13,503
14,3
167,2
451,512700
336, Crit0:27393,Crit1:-20874,end
9,700
10,20700
11,503
12,3
13,503
14,3
167,2
451,512700
337, Crit0:27883,Crit1:-20837,end
9,700
10,19700
11,503
12,3
13,503
14,3
167,2
451,512700
338, Crit0:37234,Crit1:-21873,end
9,700
10,19
11,502700
12,3700
13,503
14,3
167,2
451,512700
339, Crit0:37414,Crit1:-21716,end
9,700
10,19
11,503700
12,3700
13,503
14,3
167,2
451,512700
340, Crit0:37234,Crit1:-21415,end
9,700
10,19
11,502
12,3700
13,503
14,3
167,2
451,512700
341, Crit0:37414,Crit1:-21188,end
9,700
10,19
11,503
12,3700
13,503
14,3
167,2
451,512700
342, Crit0:37524,Crit1:-21754,end
9,700
10,21
11,501700
12,3700
13,503
14,3
167,2
451,512700
343, Crit0:37661,Crit1:-21675,end
9,700
10,21
11,502700
12,3700
13,503
14,3
167,2
451,512700
344, Crit0:37841,Crit1:-21518,end
9,700
10,21
11,503700
12,3700
13,503
14,3
167,2
451,512700
345, Crit0:37524,Crit1:-21368,end
9,700
10,21
11,501
12,3700
13,503
14,3
167,2
451,512700
346, Crit0:37661,Crit1:-21217,end
9,700
10,21
11,502
12,3700
13,503
14,3
167,2
451,512700
347, Crit0:37841,Crit1:-20990,end
9,700
10,21
11,503
12,3700
13,503
14,3
167,2
451,512700
348, Crit0:26321,Crit1:-20588,end
9,700
10,19700
11,503700
12,3700
13,502
14,3
167,2
451,512700
349, Crit0:26321,Crit1:-20060,end
9,700
10,19700
11,503
12,3700
13,502
14,3
167,2
451,512700
350, Crit0:26633,Crit1:-20519,end
9,700
10,21700
11,501700
12,3700
13,503
14,3
167,2
451,512700
351, Crit0:26472,Crit1:-20499,end
9,700
10,21700
11,500700
12,3700
13,503
14,3
167,2
451,512700
352, Crit0:26770,Crit1:-20440,end
9,700
10,21700
11,502700
12,3700
13,503
14,3
167,2
451,512700
353, Crit0:26950,Crit1:-20283,end
9,700
10,21700
11,503700
12,3700
13,503
14,3
167,2
451,512700
354, Crit0:26472,Crit1:-20230,end
9,700
10,21700
11,500
12,3700
13,503
14,3
167,2
451,512700
355, Crit0:26633,Crit1:-20133,end
9,700
10,21700
11,501
12,3700
13,503
14,3
167,2
451,512700
356, Crit0:26770,Crit1:-19982,end
9,700
10,21700
11,502
12,3700
13,503
14,3
167,2
451,512700
357, Crit0:26950,Crit1:-19755,end
9,700
10,21700
11,503
12,3700
13,503
14,3
167,2
451,512700
358, Crit0:26529,Crit1:-19707,end
9,700
10,20700
11,503
12,3700
13,503
14,3
167,2
451,512700
359, Crit0:27019,Crit1:-20198,end
9,700
10,19700
11,503700
12,3700
13,503
14,3
167,2
451,512700
360, Crit0:27019,Crit1:-19670,end
9,700
10,19700
11,503
12,3700
13,503
14,3
167,2
451,512700
361, Crit0:32761,Crit1:-20848,end
9,700
10,21
11,503
12,3
13,503
14,1700
167,3
451,512700
362, Crit0:21449,Crit1:-19565,end
9,700
10,20700
11,503
12,3
13,503
14,1700
167,3
451,512700
363, Crit0:21939,Crit1:-19528,end
9,700
10,19700
11,503
12,3
13,503
14,1700
167,3
451,512700
364, Crit0:30903,Crit1:-20813,end
9,700
10,19
11,503
12,3700
13,501
14,3700
167,1
451,512700
365, Crit0:31193,Crit1:-20756,end
9,700
10,19
11,502
12,3700
13,502
14,3700
167,1
451,512700
366, Crit0:31373,Crit1:-20529,end
9,700
10,19
11,503
12,3700
13,502
14,3700
167,1
451,512700
367, Crit0:31891,Crit1:-20824,end
9,700
10,19
11,502700
12,3700
13,503
14,3700
167,1
451,512700
368, Crit0:32071,Crit1:-20667,end
9,700
10,19
11,503700
12,3700
13,503
14,3700
167,1
451,512700
369, Crit0:31593,Crit1:-20614,end
9,700
10,19
11,500
12,3700
13,503
14,3700
167,1
451,512700
370, Crit0:31754,Crit1:-20517,end
9,700
10,19
11,501
12,3700
13,503
14,3700
167,1
451,512700
371, Crit0:31891,Crit1:-20366,end
9,700
10,19
11,502
12,3700
13,503
14,3700
167,1
451,512700
372, Crit0:32071,Crit1:-20139,end
9,700
10,19
11,503
12,3700
13,503
14,3700
167,1
451,512700
373, Crit0:31073,Crit1:-20036,end
9,700
10,20
11,503
12,3700
13,503
14,3700
167,1
451,512700
374, Crit0:32181,Crit1:-20705,end
9,700
10,21
11,501700
12,3700
13,503
14,3700
167,1
451,512700
375, Crit0:32318,Crit1:-20626,end
9,700
10,21
11,502700
12,3700
13,503
14,3700
167,1
451,512700
376, Crit0:32498,Crit1:-20469,end
9,700
10,21
11,503700
12,3700
13,503
14,3700
167,1
451,512700
377, Crit0:32181,Crit1:-20319,end
9,700
10,21
11,501
12,3700
13,503
14,3700
167,1
451,512700
378, Crit0:32318,Crit1:-20168,end
9,700
10,21
11,502
12,3700
13,503
14,3700
167,1
451,512700
379, Crit0:32498,Crit1:-19941,end
9,700
10,21
11,503
12,3700
13,503
14,3700
167,1
451,512700
380, Crit0:19692,Crit1:-19485,end
9,700
10,21700
11,503
12,3700
13,500
14,3700
167,1
451,512700
381, Crit0:20439,Crit1:-19380,end
9,700
10,21700
11,503
12,3700
13,501
14,3700
167,1
451,512700
382, Crit0:20592,Crit1:-19474,end
9,700
10,21700
11,501
12,3700
13,502
14,3700
167,1
451,512700
383, Crit0:20729,Crit1:-19323,end
9,700
10,21700
11,502
12,3700
13,502
14,3700
167,1
451,512700
384, Crit0:20909,Crit1:-19096,end
9,700
10,21700
11,503
12,3700
13,502
14,3700
167,1
451,512700
385, Crit0:21290,Crit1:-19470,end
9,700
10,21700
11,501700
12,3700
13,503
14,3700
167,1
451,512700
386, Crit0:21129,Crit1:-19450,end
9,700
10,21700
11,500700
12,3700
13,503
14,3700
167,1
451,512700
387, Crit0:21427,Crit1:-19391,end
9,700
10,21700
11,502700
12,3700
13,503
14,3700
167,1
451,512700
388, Crit0:21607,Crit1:-19234,end
9,700
10,21700
11,503700
12,3700
13,503
14,3700
167,1
451,512700
389, Crit0:21129,Crit1:-19181,end
9,700
10,21700
11,500
12,3700
13,503
14,3700
167,1
451,512700
390, Crit0:21290,Crit1:-19084,end
9,700
10,21700
11,501
12,3700
13,503
14,3700
167,1
451,512700
391, Crit0:21427,Crit1:-18933,end
9,700
10,21700
11,502
12,3700
13,503
14,3700
167,1
451,512700
392, Crit0:21607,Crit1:-18706,end
9,700
10,21700
11,503
12,3700
13,503
14,3700
167,1
451,512700
393, Crit0:21186,Crit1:-18658,end
9,700
10,20700
11,503
12,3700
13,503
14,3700
167,1
451,512700
394, Crit0:21676,Crit1:-19149,end
9,700
10,19700
11,503700
12,3700
13,503
14,3700
167,1
451,512700
395, Crit0:21676,Crit1:-18621,end
9,700
10,19700
11,503
12,3700
13,503
14,3700
167,1
451,512700
396, Crit0:32595,Crit1:-20762,end
9,700
10,19
11,502700
12,3700
13,503
14,3700
167,2
451,512700
397, Crit0:32775,Crit1:-20605,end
9,700
10,19
11,503700
12,3700
13,503
14,3700
167,2
451,512700
398, Crit0:32595,Crit1:-20304,end
9,700
10,19
11,502
12,3700
13,503
14,3700
167,2
451,512700
399, Crit0:32775,Crit1:-20077,end
9,700
10,19
11,503
12,3700
13,503
14,3700
167,2
451,512700
400, Crit0:32885,Crit1:-20643,end
9,700
10,21
11,501700
12,3700
13,503
14,3700
167,2
451,512700
401, Crit0:33022,Crit1:-20564,end
9,700
10,21
11,502700
12,3700
13,503
14,3700
167,2
451,512700
402, Crit0:33202,Crit1:-20407,end
9,700
10,21
11,503700
12,3700
13,503
14,3700
167,2
451,512700
403, Crit0:32885,Crit1:-20257,end
9,700
10,21
11,501
12,3700
13,503
14,3700
167,2
451,512700
404, Crit0:33022,Crit1:-20106,end
9,700
10,21
11,502
12,3700
13,503
14,3700
167,2
451,512700
405, Crit0:33202,Crit1:-19879,end
9,700
10,21
11,503
12,3700
13,503
14,3700
167,2
451,512700
406, Crit0:21994,Crit1:-19408,end
9,700
10,21700
11,501700
12,3700
13,503
14,3700
167,2
451,512700
407, Crit0:21833,Crit1:-19388,end
9,700
10,21700
11,500700
12,3700
13,503
14,3700
167,2
451,512700
408, Crit0:22131,Crit1:-19329,end
9,700
10,21700
11,502700
12,3700
13,503
14,3700
167,2
451,512700
409, Crit0:22311,Crit1:-19172,end
9,700
10,21700
11,503700
12,3700
13,503
14,3700
167,2
451,512700
410, Crit0:21833,Crit1:-19119,end
9,700
10,21700
11,500
12,3700
13,503
14,3700
167,2
451,512700
411, Crit0:21994,Crit1:-19022,end
9,700
10,21700
11,501
12,3700
13,503
14,3700
167,2
451,512700
412, Crit0:22131,Crit1:-18871,end
9,700
10,21700
11,502
12,3700
13,503
14,3700
167,2
451,512700
413, Crit0:22311,Crit1:-18644,end
9,700
10,21700
11,503
12,3700
13,503
14,3700
167,2
451,512700
414, Crit0:21890,Crit1:-18596,end
9,700
10,20700
11,503
12,3700
13,503
14,3700
167,2
451,512700
415, Crit0:22380,Crit1:-19087,end
9,700
10,19700
11,503700
12,3700
13,503
14,3700
167,2
451,512700
416, Crit0:22380,Crit1:-18559,end
9,700
10,19700
11,503
12,3700
13,503
14,3700
167,2
451,512700
417, Crit0:30751,Crit1:-19876,end
9,700
10,20
11,503
12,3700
13,503
14,3700
167,3
451,512700
418, Crit0:32176,Crit1:-19781,end
9,700
10,21
11,503
12,3700
13,503
14,3700
167,3
451,512700
419, Crit0:21285,Crit1:-18546,end
9,700
10,21700
11,503
12,3700
13,503
14,3700
167,3
451,512700
420, Crit0:20864,Crit1:-18498,end
9,700
10,20700
11,503
12,3700
13,503
14,3700
167,3
451,512700
421, Crit0:21354,Crit1:-18461,end
9,700
10,19700
11,503
12,3700
13,503
14,3700
167,3
451,512700
422, Crit0:32219,Crit1:-19841,end
9,700
10,21
11,503
12,3700
13,503
14,1700
167,1
451,512700
423, Crit0:21397,Crit1:-18521,end
9,700
10,19700
11,503
12,3700
13,503
14,1700
167,1
451,512700
424, Crit0:33063,Crit1:-19832,end
9,700
10,21
11,503
12,3700
13,503
14,2700
167,2
451,512700
425, Crit0:21751,Crit1:-18549,end
9,700
10,20700
11,503
12,3700
13,503
14,2700
167,2
451,512700
426, Crit0:22241,Crit1:-18512,end
9,700
10,19700
11,503
12,3700
13,503
14,2700
167,2
451,512700
427, Crit0:32037,Crit1:-19734,end
9,700
10,21
11,503
12,3700
13,503
14,2700
167,3
451,512700
428, Crit0:20725,Crit1:-18451,end
9,700
10,20700
11,503
12,3700
13,503
14,2700
167,3
451,512700
429, Crit0:21215,Crit1:-18414,end
9,700
10,19700
11,503
12,3700
13,503
14,2700
167,3
451,512700
430, Crit0:32923,Crit1:-19779,end
9,700
10,21
11,503
12,3700
13,503
14,1700
167,2
451,512700
431, Crit0:21611,Crit1:-18496,end
9,700
10,20700
11,503
12,3700
13,503
14,1700
167,2
451,512700
432, Crit0:22101,Crit1:-18459,end
9,700
10,19700
11,503
12,3700
13,503
14,1700
167,2
451,512700
433, Crit0:31897,Crit1:-19681,end
9,700
10,21
11,503
12,3700
13,503
14,1700
167,3
451,512700
434, Crit0:20585,Crit1:-18398,end
9,700
10,20700
11,503
12,3700
13,503
14,1700
167,3
451,512700
435, Crit0:21075,Crit1:-18361,end
9,700
10,19700
11,503
12,3700
13,503
14,1700
167,3
451,512700
436, Crit0:28273,Crit1:-19643,end
9,700
10,19
11,503
12,1
13,503
14,1700
167,3700
451,512700
437, Crit0:27554,Crit1:-19640,end
9,700
10,20
11,503
12,1
13,503
14,3700
167,3700
451,512700
438, Crit0:27415,Crit1:-19593,end
9,700
10,20
11,503
12,1
13,503
14,2700
167,3700
451,512700
439, Crit0:27275,Crit1:-19540,end
9,700
10,20
11,503
12,1
13,503
14,1700
167,3700
451,512700
440, Crit0:33514,Crit1:-20822,end
9,700
10,21
11,503
12,1
13,503
14,1
167,3700
451,512700
441, Crit0:33618,Crit1:-20656,end
9,700
10,21
11,503
12,1
13,503
14,3
167,3700
451,512700
442, Crit0:28520,Crit1:-19672,end
9,700
10,21
11,502
12,1
13,503
14,1700
167,3700
451,512700
443, Crit0:28979,Crit1:-19545,end
9,700
10,21
11,503
12,1
13,503
14,3700
167,3700
451,512700
444, Crit0:28840,Crit1:-19498,end
9,700
10,21
11,503
12,1
13,503
14,2700
167,3700
451,512700
445, Crit0:28700,Crit1:-19445,end
9,700
10,21
11,503
12,1
13,503
14,1700
167,3700
451,512700
446, Crit0:22727,Crit1:-19421,end
9,700
10,21700
11,503
12,1
13,503
14,3
167,3700
451,512700
447, Crit0:18088,Crit1:-18310,end
9,700
10,21700
11,503
12,1
13,503
14,3700
167,3700
451,512700
448, Crit0:17949,Crit1:-18263,end
9,700
10,21700
11,503
12,1
13,503
14,2700
167,3700
451,512700
449, Crit0:17809,Crit1:-18210,end
9,700
10,21700
11,503
12,1
13,503
14,1700
167,3700
451,512700
450, Crit0:17388,Crit1:-18162,end
9,700
10,20700
11,503
12,1
13,503
14,1700
167,3700
451,512700
451, Crit0:22796,Crit1:-19336,end
9,700
10,19700
11,503
12,1
13,503
14,3
167,3700
451,512700
452, Crit0:18157,Crit1:-18225,end
9,700
10,19700
11,503
12,1
13,503
14,3700
167,3700
451,512700
453, Crit0:18018,Crit1:-18178,end
9,700
10,19700
11,503
12,1
13,503
14,2700
167,3700
451,512700
454, Crit0:17878,Crit1:-18125,end
9,700
10,19700
11,503
12,1
13,503
14,1700
167,3700
451,512700
455, Crit0:33511,Crit1:-20597,end
9,700
10,21
11,503
12,1
13,503
14,3
167,2700
451,512700
456, Crit0:22689,Crit1:-19277,end
9,700
10,19700
11,503
12,1
13,503
14,3
167,2700
451,512700
457, Crit0:28872,Crit1:-19486,end
9,700
10,21
11,503
12,1
13,503
14,3700
167,2700
451,512700
458, Crit0:18050,Crit1:-18166,end
9,700
10,19700
11,503
12,1
13,503
14,3700
167,2700
451,512700
459, Crit0:28733,Crit1:-19439,end
9,700
10,21
11,503
12,1
13,503
14,2700
167,2700
451,512700
460, Crit0:17911,Crit1:-18119,end
9,700
10,19700
11,503
12,1
13,503
14,2700
167,2700
451,512700
461, Crit0:28593,Crit1:-19386,end
9,700
10,21
11,503
12,1
13,503
14,1700
167,2700
451,512700
462, Crit0:17281,Crit1:-18103,end
9,700
10,20700
11,503
12,1
13,503
14,1700
167,2700
451,512700
463, Crit0:17771,Crit1:-18066,end
9,700
10,19700
11,503
12,1
13,503
14,1700
167,2700
451,512700
464, Crit0:33401,Crit1:-20523,end
9,700
10,21
11,503
12,1
13,503
14,3
167,1700
451,512700
465, Crit0:28762,Crit1:-19412,end
9,700
10,21
11,503
12,1
13,503
14,3700
167,1700
451,512700
466, Crit0:28623,Crit1:-19365,end
9,700
10,21
11,503
12,1
13,503
14,2700
167,1700
451,512700
467, Crit0:28483,Crit1:-19312,end
9,700
10,21
11,503
12,1
13,503
14,1700
167,1700
451,512700
468, Crit0:17171,Crit1:-18029,end
9,700
10,20700
11,503
12,1
13,503
14,1700
167,1700
451,512700
469, Crit0:22579,Crit1:-19203,end
9,700
10,19700
11,503
12,1
13,503
14,3
167,1700
451,512700
470, Crit0:17940,Crit1:-18092,end
9,700
10,19700
11,503
12,1
13,503
14,3700
167,1700
451,512700
471, Crit0:17801,Crit1:-18045,end
9,700
10,19700
11,503
12,1
13,503
14,2700
167,1700
451,512700
472, Crit0:17661,Crit1:-17992,end
9,700
10,19700
11,503
12,1
13,503
14,1700
167,1700
451,512700
473, Crit0:32243,Crit1:-19678,end
9,700
10,19
11,503
12,3700
13,503
14,1
167,3700
451,512700
474, Crit0:32136,Crit1:-19619,end
9,700
10,19
11,503
12,3700
13,503
14,1
167,2700
451,512700
475, Crit0:32026,Crit1:-19545,end
9,700
10,19
11,503
12,3700
13,503
14,1
167,1700
451,512700
476, Crit0:33534,Crit1:-20647,end
9,700
10,21
11,503
12,3
13,503
14,1
167,3700
451,512700
477, Crit0:33427,Crit1:-20588,end
9,700
10,21
11,503
12,3
13,503
14,1
167,2700
451,512700
478, Crit0:22605,Crit1:-19268,end
9,700
10,19700
11,503
12,3
13,503
14,1
167,2700
451,512700
479, Crit0:33317,Crit1:-20514,end
9,700
10,21
11,503
12,3
13,503
14,1
167,1700
451,512700
480, Crit0:22495,Crit1:-19194,end
9,700
10,19700
11,503
12,3
13,503
14,1
167,1700
451,512700
481, Crit0:32490,Crit1:-19707,end
9,700
10,21
11,502
12,3700
13,503
14,1
167,3700
451,512700
482, Crit0:32670,Crit1:-19480,end
9,700
10,21
11,503
12,3700
13,503
14,1
167,3700
451,512700
483, Crit0:21668,Crit1:-18387,end
9,700
10,19700
11,502
12,3700
13,503
14,1
167,3700
451,512700
484, Crit0:21779,Crit1:-18245,end
9,700
10,21700
11,503
12,3700
13,503
14,1
167,3700
451,512700
485, Crit0:21358,Crit1:-18197,end
9,700
10,20700
11,503
12,3700
13,503
14,1
167,3700
451,512700
486, Crit0:21848,Crit1:-18160,end
9,700
10,19700
11,503
12,3700
13,503
14,1
167,3700
451,512700
487, Crit0:32563,Crit1:-19421,end
9,700
10,21
11,503
12,3700
13,503
14,1
167,2700
451,512700
488, Crit0:21251,Crit1:-18138,end
9,700
10,20700
11,503
12,3700
13,503
14,1
167,2700
451,512700
489, Crit0:21741,Crit1:-18101,end
9,700
10,19700
11,503
12,3700
13,503
14,1
167,2700
451,512700
490, Crit0:32453,Crit1:-19347,end
9,700
10,21
11,503
12,3700
13,503
14,1
167,1700
451,512700
491, Crit0:21141,Crit1:-18064,end
9,700
10,20700
11,503
12,3700
13,503
14,1
167,1700
451,512700
492, Crit0:21631,Crit1:-18027,end
9,700
10,19700
11,503
12,3700
13,503
14,1
167,1700
451,512700
493, Crit0:33510,Crit1:-20562,end
9,700
10,21
11,503
12,2
13,503
14,3
167,3700
451,512700
494, Crit0:22688,Crit1:-19242,end
9,700
10,19700
11,503
12,2
13,503
14,3
167,3700
451,512700
495, Crit0:33403,Crit1:-20503,end
9,700
10,21
11,503
12,2
13,503
14,3
167,2700
451,512700
496, Crit0:22581,Crit1:-19183,end
9,700
10,19700
11,503
12,2
13,503
14,3
167,2700
451,512700
497, Crit0:28625,Crit1:-19345,end
9,700
10,21
11,503
12,2
13,503
14,2700
167,2700
451,512700
498, Crit0:17803,Crit1:-18025,end
9,700
10,19700
11,503
12,2
13,503
14,2700
167,2700
451,512700
499, Crit0:28485,Crit1:-19292,end
9,700
10,21
11,503
12,2
13,503
14,1700
167,2700
451,512700
500, Crit0:17663,Crit1:-17972,end
9,700
10,19700
11,503
12,2
13,503
14,1700
167,2700
451,512700
501, Crit0:33293,Crit1:-20429,end
9,700
10,21
11,503
12,2
13,503
14,3
167,1700
451,512700
502, Crit0:22471,Crit1:-19109,end
9,700
10,19700
11,503
12,2
13,503
14,3
167,1700
451,512700
503, Crit0:28654,Crit1:-19318,end
9,700
10,21
11,503
12,2
13,503
14,3700
167,1700
451,512700
504, Crit0:17832,Crit1:-17998,end
9,700
10,19700
11,503
12,2
13,503
14,3700
167,1700
451,512700
505, Crit0:28515,Crit1:-19271,end
9,700
10,21
11,503
12,2
13,503
14,2700
167,1700
451,512700
506, Crit0:17693,Crit1:-17951,end
9,700
10,19700
11,503
12,2
13,503
14,2700
167,1700
451,512700
507, Crit0:28375,Crit1:-19218,end
9,700
10,21
11,503
12,2
13,503
14,1700
167,1700
451,512700
508, Crit0:17063,Crit1:-17935,end
9,700
10,20700
11,503
12,2
13,503
14,1700
167,1700
451,512700
509, Crit0:17553,Crit1:-17898,end
9,700
10,19700
11,503
12,2
13,503
14,1700
167,1700
451,512700
510, Crit0:31983,Crit1:-19332,end
9,700
10,21
11,503
12,3700
13,503
14,2
167,2700
451,512700
511, Crit0:31873,Crit1:-19258,end
9,700
10,21
11,503
12,3700
13,503
14,2
167,1700
451,512700
512, Crit0:20982,Crit1:-18023,end
9,700
10,21700
11,503
12,3700
13,503
14,2
167,1700
451,512700
513, Crit0:20561,Crit1:-17975,end
9,700
10,20700
11,503
12,3700
13,503
14,2
167,1700
451,512700
514, Crit0:21161,Crit1:-18012,end
9,700
10,19700
11,503
12,3700
13,503
14,2
167,2700
451,512700
515, Crit0:21051,Crit1:-17938,end
9,700
10,19700
11,503
12,3700
13,503
14,2
167,1700
451,512700
516, Crit0:33638,Crit1:-20481,end
9,700
10,21
11,503
12,3
13,503
14,3
167,3700
451,512700
517, Crit0:22816,Crit1:-19161,end
9,700
10,19700
11,503
12,3
13,503
14,3
167,3700
451,512700
518, Crit0:33531,Crit1:-20422,end
9,700
10,21
11,503
12,3
13,503
14,3
167,2700
451,512700
519, Crit0:22709,Crit1:-19102,end
9,700
10,19700
11,503
12,3
13,503
14,3
167,2700
451,512700
520, Crit0:33421,Crit1:-20348,end
9,700
10,21
11,503
12,3
13,503
14,3
167,1700
451,512700
521, Crit0:22599,Crit1:-19028,end
9,700
10,19700
11,503
12,3
13,503
14,3
167,1700
451,512700
522, Crit0:28782,Crit1:-19237,end
9,700
10,21
11,503
12,3
13,503
14,3700
167,1700
451,512700
523, Crit0:17960,Crit1:-17917,end
9,700
10,19700
11,503
12,3
13,503
14,3700
167,1700
451,512700
524, Crit0:28643,Crit1:-19190,end
9,700
10,21
11,503
12,3
13,503
14,2700
167,1700
451,512700
525, Crit0:28503,Crit1:-19137,end
9,700
10,21
11,503
12,3
13,503
14,1700
167,1700
451,512700
526, Crit0:17821,Crit1:-17870,end
9,700
10,19700
11,503
12,3
13,503
14,2700
167,1700
451,512700
527, Crit0:17191,Crit1:-17854,end
9,700
10,20700
11,503
12,3
13,503
14,1700
167,1700
451,512700
528, Crit0:17681,Crit1:-17817,end
9,700
10,19700
11,503
12,3
13,503
14,1700
167,1700
451,512700
529, Crit0:32774,Crit1:-19314,end
9,700
10,21
11,503
12,3700
13,503
14,3
167,3700
451,512700
530, Crit0:21883,Crit1:-18079,end
9,700
10,21700
11,503
12,3700
13,503
14,3
167,3700
451,512700
531, Crit0:21952,Crit1:-17994,end
9,700
10,19700
11,503
12,3700
13,503
14,3
167,3700
451,512700
532, Crit0:26540,Crit1:-19075,end
9,700
10,19
11,503
12,3700
13,501
14,3700
167,3700
451,512700
533, Crit0:26830,Crit1:-19018,end
9,700
10,19
11,502
12,3700
13,502
14,3700
167,3700
451,512700
534, Crit0:27010,Crit1:-18791,end
9,700
10,19
11,503
12,3700
13,502
14,3700
167,3700
451,512700
535, Crit0:27528,Crit1:-19086,end
9,700
10,19
11,502700
12,3700
13,503
14,3700
167,3700
451,512700
536, Crit0:27708,Crit1:-18929,end
9,700
10,19
11,503700
12,3700
13,503
14,3700
167,3700
451,512700
537, Crit0:27230,Crit1:-18876,end
9,700
10,19
11,500
12,3700
13,503
14,3700
167,3700
451,512700
538, Crit0:27391,Crit1:-18779,end
9,700
10,19
11,501
12,3700
13,503
14,3700
167,3700
451,512700
539, Crit0:27528,Crit1:-18628,end
9,700
10,19
11,502
12,3700
13,503
14,3700
167,3700
451,512700
540, Crit0:27708,Crit1:-18401,end
9,700
10,19
11,503
12,3700
13,503
14,3700
167,3700
451,512700
541, Crit0:26710,Crit1:-18298,end
9,700
10,20
11,503
12,3700
13,503
14,3700
167,3700
451,512700
542, Crit0:27818,Crit1:-18967,end
9,700
10,21
11,501700
12,3700
13,503
14,3700
167,3700
451,512700
543, Crit0:27955,Crit1:-18888,end
9,700
10,21
11,502700
12,3700
13,503
14,3700
167,3700
451,512700
544, Crit0:28135,Crit1:-18731,end
9,700
10,21
11,503700
12,3700
13,503
14,3700
167,3700
451,512700
545, Crit0:27818,Crit1:-18581,end
9,700
10,21
11,501
12,3700
13,503
14,3700
167,3700
451,512700
546, Crit0:27955,Crit1:-18430,end
9,700
10,21
11,502
12,3700
13,503
14,3700
167,3700
451,512700
547, Crit0:28135,Crit1:-18203,end
9,700
10,21
11,503
12,3700
13,503
14,3700
167,3700
451,512700
548, Crit0:15329,Crit1:-17747,end
9,700
10,21700
11,503
12,3700
13,500
14,3700
167,3700
451,512700
549, Crit0:16076,Crit1:-17642,end
9,700
10,21700
11,503
12,3700
13,501
14,3700
167,3700
451,512700
550, Crit0:16229,Crit1:-17736,end
9,700
10,21700
11,501
12,3700
13,502
14,3700
167,3700
451,512700
551, Crit0:16366,Crit1:-17585,end
9,700
10,21700
11,502
12,3700
13,502
14,3700
167,3700
451,512700
552, Crit0:16546,Crit1:-17358,end
9,700
10,21700
11,503
12,3700
13,502
14,3700
167,3700
451,512700
553, Crit0:16927,Crit1:-17732,end
9,700
10,21700
11,501700
12,3700
13,503
14,3700
167,3700
451,512700
554, Crit0:16766,Crit1:-17712,end
9,700
10,21700
11,500700
12,3700
13,503
14,3700
167,3700
451,512700
555, Crit0:17064,Crit1:-17653,end
9,700
10,21700
11,502700
12,3700
13,503
14,3700
167,3700
451,512700
556, Crit0:17244,Crit1:-17496,end
9,700
10,21700
11,503700
12,3700
13,503
14,3700
167,3700
451,512700
557, Crit0:16766,Crit1:-17443,end
9,700
10,21700
11,500
12,3700
13,503
14,3700
167,3700
451,512700
558, Crit0:16927,Crit1:-17346,end
9,700
10,21700
11,501
12,3700
13,503
14,3700
167,3700
451,512700
559, Crit0:17064,Crit1:-17195,end
9,700
10,21700
11,502
12,3700
13,503
14,3700
167,3700
451,512700
560, Crit0:17244,Crit1:-16968,end
9,700
10,21700
11,503
12,3700
13,503
14,3700
167,3700
451,512700
561, Crit0:16823,Crit1:-16920,end
9,700
10,20700
11,503
12,3700
13,503
14,3700
167,3700
451,512700
562, Crit0:17313,Crit1:-17411,end
9,700
10,19700
11,503700
12,3700
13,503
14,3700
167,3700
451,512700
563, Crit0:17313,Crit1:-16883,end
9,700
10,19700
11,503
12,3700
13,503
14,3700
167,3700
451,512700
564, Crit0:27996,Crit1:-18156,end
9,700
10,21
11,503
12,3700
13,503
14,2700
167,3700
451,512700
565, Crit0:16684,Crit1:-16873,end
9,700
10,20700
11,503
12,3700
13,503
14,2700
167,3700
451,512700
566, Crit0:17174,Crit1:-16836,end
9,700
10,19700
11,503
12,3700
13,503
14,2700
167,3700
451,512700
567, Crit0:27856,Crit1:-18103,end
9,700
10,21
11,503
12,3700
13,503
14,1700
167,3700
451,512700
568, Crit0:16544,Crit1:-16820,end
9,700
10,20700
11,503
12,3700
13,503
14,1700
167,3700
451,512700
569, Crit0:17034,Crit1:-16783,end
9,700
10,19700
11,503
12,3700
13,503
14,1700
167,3700
451,512700
570, Crit0:32667,Crit1:-19255,end
9,700
10,21
11,503
12,3700
13,503
14,3
167,2700
451,512700
571, Crit0:21355,Crit1:-17972,end
9,700
10,20700
11,503
12,3700
13,503
14,3
167,2700
451,512700
572, Crit0:21845,Crit1:-17935,end
9,700
10,19700
11,503
12,3700
13,503
14,3
167,2700
451,512700
573, Crit0:28028,Crit1:-18144,end
9,700
10,21
11,503
12,3700
13,503
14,3700
167,2700
451,512700
574, Crit0:17206,Crit1:-16824,end
9,700
10,19700
11,503
12,3700
13,503
14,3700
167,2700
451,512700
575, Crit0:27889,Crit1:-18097,end
9,700
10,21
11,503
12,3700
13,503
14,2700
167,2700
451,512700
576, Crit0:17067,Crit1:-16777,end
9,700
10,19700
11,503
12,3700
13,503
14,2700
167,2700
451,512700
577, Crit0:27749,Crit1:-18044,end
9,700
10,21
11,503
12,3700
13,503
14,1700
167,2700
451,512700
578, Crit0:16437,Crit1:-16761,end
9,700
10,20700
11,503
12,3700
13,503
14,1700
167,2700
451,512700
579, Crit0:16927,Crit1:-16724,end
9,700
10,19700
11,503
12,3700
13,503
14,1700
167,2700
451,512700
580, Crit0:32557,Crit1:-19181,end
9,700
10,21
11,503
12,3700
13,503
14,3
167,1700
451,512700
581, Crit0:21245,Crit1:-17898,end
9,700
10,20700
11,503
12,3700
13,503
14,3
167,1700
451,512700
582, Crit0:21735,Crit1:-17861,end
9,700
10,19700
11,503
12,3700
13,503
14,3
167,1700
451,512700
583, Crit0:27918,Crit1:-18070,end
9,700
10,21
11,503
12,3700
13,503
14,3700
167,1700
451,512700
584, Crit0:17096,Crit1:-16750,end
9,700
10,19700
11,503
12,3700
13,503
14,3700
167,1700
451,512700
585, Crit0:27779,Crit1:-18023,end
9,700
10,21
11,503
12,3700
13,503
14,2700
167,1700
451,512700
586, Crit0:16957,Crit1:-16703,end
9,700
10,19700
11,503
12,3700
13,503
14,2700
167,1700
451,512700
587, Crit0:27639,Crit1:-17970,end
9,700
10,21
11,503
12,3700
13,503
14,1700
167,1700
451,512700
588, Crit0:16327,Crit1:-16687,end
9,700
10,20700
11,503
12,3700
13,503
14,1700
167,1700
451,512700
589, Crit0:16817,Crit1:-16650,end
9,700
10,19700
11,503
12,3700
13,503
14,1700
167,1700
451,512700
590, Crit0:37815,Crit1:-20940,end
9,700
10,21
11,503
12,2700
13,503
14,3
167,2
451,512700
591, Crit0:36789,Crit1:-20842,end
9,700
10,21
11,503
12,2700
13,503
14,3
167,3
451,512700
592, Crit0:32748,Crit1:-19264,end
9,700
10,21
11,503
12,2700
13,503
14,3
167,3700
451,512700
593, Crit0:32641,Crit1:-19205,end
9,700
10,21
11,503
12,2700
13,503
14,3
167,2700
451,512700
594, Crit0:32531,Crit1:-19131,end
9,700
10,21
11,503
12,2700
13,503
14,3
167,1700
451,512700
595, Crit0:21219,Crit1:-17848,end
9,700
10,20700
11,503
12,2700
13,503
14,3
167,1700
451,512700
596, Crit0:21926,Crit1:-17944,end
9,700
10,19700
11,503
12,2700
13,503
14,3
167,3700
451,512700
597, Crit0:21819,Crit1:-17885,end
9,700
10,19700
11,503
12,2700
13,503
14,3
167,2700
451,512700
598, Crit0:21709,Crit1:-17811,end
9,700
10,19700
11,503
12,2700
13,503
14,3
167,1700
451,512700
599, Crit0:33176,Crit1:-19829,end
9,700
10,21
11,503
12,2700
13,503
14,3700
167,2
451,512700
600, Crit0:27892,Crit1:-18020,end
9,700
10,21
11,503
12,2700
13,503
14,3700
167,1700
451,512700
601, Crit0:28002,Crit1:-18094,end
9,700
10,21
11,503
12,2700
13,503
14,3700
167,2700
451,512700
602, Crit0:28109,Crit1:-18153,end
9,700
10,21
11,503
12,2700
13,503
14,3700
167,3700
451,512700
603, Crit0:17287,Crit1:-16833,end
9,700
10,19700
11,503
12,2700
13,503
14,3700
167,3700
451,512700
604, Crit0:17180,Crit1:-16774,end
9,700
10,19700
11,503
12,2700
13,503
14,3700
167,2700
451,512700
605, Crit0:17070,Crit1:-16700,end
9,700
10,19700
11,503
12,2700
13,503
14,3700
167,1700
451,512700
606, Crit0:33037,Crit1:-19782,end
9,700
10,21
11,503
12,2700
13,503
14,2700
167,2
451,512700
607, Crit0:27753,Crit1:-17973,end
9,700
10,21
11,503
12,2700
13,503
14,2700
167,1700
451,512700
608, Crit0:32897,Crit1:-19729,end
9,700
10,21
11,503
12,2700
13,503
14,1700
167,2
451,512700
609, Crit0:27613,Crit1:-17920,end
9,700
10,21
11,503
12,2700
13,503
14,1700
167,1700
451,512700
610, Crit0:16931,Crit1:-16653,end
9,700
10,19700
11,503
12,2700
13,503
14,2700
167,1700
451,512700
611, Crit0:16301,Crit1:-16637,end
9,700
10,20700
11,503
12,2700
13,503
14,1700
167,1700
451,512700
612, Crit0:16791,Crit1:-16600,end
9,700
10,19700
11,503
12,2700
13,503
14,1700
167,1700
451,512700
613, Crit0:37789,Crit1:-20885,end
9,700
10,21
11,503
12,1700
13,503
14,3
167,2
451,512700
614, Crit0:36763,Crit1:-20787,end
9,700
10,21
11,503
12,1700
13,503
14,3
167,3
451,512700
615, Crit0:32722,Crit1:-19209,end
9,700
10,21
11,503
12,1700
13,503
14,3
167,3700
451,512700
616, Crit0:32615,Crit1:-19150,end
9,700
10,21
11,503
12,1700
13,503
14,3
167,2700
451,512700
617, Crit0:32505,Crit1:-19076,end
9,700
10,21
11,503
12,1700
13,503
14,3
167,1700
451,512700
618, Crit0:21193,Crit1:-17793,end
9,700
10,20700
11,503
12,1700
13,503
14,3
167,1700
451,512700
619, Crit0:21900,Crit1:-17889,end
9,700
10,19700
11,503
12,1700
13,503
14,3
167,3700
451,512700
620, Crit0:21793,Crit1:-17830,end
9,700
10,19700
11,503
12,1700
13,503
14,3
167,2700
451,512700
621, Crit0:21683,Crit1:-17756,end
9,700
10,19700
11,503
12,1700
13,503
14,3
167,1700
451,512700
622, Crit0:33150,Crit1:-19774,end
9,700
10,21
11,503
12,1700
13,503
14,3700
167,2
451,512700
623, Crit0:28083,Crit1:-18098,end
9,700
10,21
11,503
12,1700
13,503
14,3700
167,3700
451,512700
624, Crit0:27976,Crit1:-18039,end
9,700
10,21
11,503
12,1700
13,503
14,3700
167,2700
451,512700
625, Crit0:27866,Crit1:-17965,end
9,700
10,21
11,503
12,1700
13,503
14,3700
167,1700
451,512700
626, Crit0:17261,Crit1:-16778,end
9,700
10,19700
11,503
12,1700
13,503
14,3700
167,3700
451,512700
627, Crit0:17154,Crit1:-16719,end
9,700
10,19700
11,503
12,1700
13,503
14,3700
167,2700
451,512700
628, Crit0:17044,Crit1:-16645,end
9,700
10,19700
11,503
12,1700
13,503
14,3700
167,1700
451,512700
629, Crit0:33011,Crit1:-19727,end
9,700
10,21
11,503
12,1700
13,503
14,2700
167,2
451,512700
630, Crit0:27727,Crit1:-17918,end
9,700
10,21
11,503
12,1700
13,503
14,2700
167,1700
451,512700
631, Crit0:32871,Crit1:-19674,end
9,700
10,21
11,503
12,1700
13,503
14,1700
167,2
451,512700
632, Crit0:27587,Crit1:-17865,end
9,700
10,21
11,503
12,1700
13,503
14,1700
167,1700
451,512700
633, Crit0:16905,Crit1:-16598,end
9,700
10,19700
11,503
12,1700
13,503
14,2700
167,1700
451,512700
634, Crit0:16275,Crit1:-16582,end
9,700
10,20700
11,503
12,1700
13,503
14,1700
167,1700
451,512700
635, Crit0:16765,Crit1:-16545,end
9,700
10,19700
11,503
12,1700
13,503
14,1700
167,1700
451,512700
