UG_0 = 3601, Crit0_0 = 5947
UG_1 = 19700, Crit0_1 = 759
UG_2 = 20, Crit0_2 = 1462
UG_3 = 503601, Crit0_3 = 8718
UG_4 = 503, Crit0_4 = 2579
UG_5 = 20602, Crit0_5 = 908
UG_6 = 3604, Crit0_6 = 3212
UG_7 = 500602, Crit0_7 = 1692
UG_8 = 700, Crit0_8 = 1773
UG_9 = 21, Crit0_9 = 15701
UG_10 = 500700, Crit0_10 = 412
UG_11 = 2700, Crit0_11 = 291
UG_12 = 500, Crit0_12 = 3651
UG_13 = 2700, Crit0_13 = 1566
UG_14 = 3, Crit0_14 = 1071
UG_15 = 2, Crit0_15 = 2351
UG_16 = 3, Crit0_16 = 2518
UG_17 = 2, Crit0_17 = 5513
UG_18 = 3, Crit0_18 = 3550
UG_19 = 3, Crit0_19 = 6783
UG_20 = 2601, Crit0_20 = 2023
UG_21 = 3700, Crit0_21 = 451
UG_22 = 502, Crit0_22 = 3064
UG_23 = 3, Crit0_23 = 5044
UG_24 = 2, Crit0_24 = 5599
UG_25 = 1, Crit0_25 = 5175
UG_26 = 3603, Crit0_26 = 527
UG_27 = 700, Crit0_27 = 1726
UG_28 = 501, Crit0_28 = 3961
UG_29 = 1, Crit0_29 = 18458
UG_30 = 502601, Crit0_30 = 5565
UG_31 = 3, Crit0_31 = 2188
UG_32 = 3602, Crit0_32 = 571
UG_33 = 3600, Crit0_33 = 1695
UG_34 = 1700, Crit0_34 = 1503
UG_35 = 5603, Crit0_35 = 373
UG_36 = 3, Crit0_36 = 1163
UG_37 = 503, Crit0_37 = 2892
UG_38 = 3, Crit0_38 = 2352
UG_39 = 1, Crit0_39 = 195
UG_40 = 2, Crit0_40 = 4594
UG_41 = 2700, Crit0_41 = 1223
UG_42 = 1, Crit0_42 = 3921
UG_43 = 1, Crit0_43 = 3686
UG_44 = 3, Crit0_44 = 3384
UG_45 = 3700, Crit0_45 = 325
UG_46 = 2, Crit0_46 = 3099
UG_47 = 20, Crit0_47 = 3656
UG_48 = 2700, Crit0_48 = 360
UG_49 = 500700, Crit0_49 = 2450
UG_50 = 503, Crit0_50 = 2637
UG_51 = 502601, Crit0_51 = 1138
UG_52 = 2604, Crit0_52 = 378
UG_53 = 503700, Crit0_53 = 3191
UG_54 = 700, Crit0_54 = 184
UG_55 = 503, Crit0_55 = 5044
UG_56 = 3, Crit0_56 = 7063
UG_57 = 503, Crit0_57 = 111
UG_58 = 1601, Crit0_58 = 5136
UG_59 = 3, Crit0_59 = 4720
UG_60 = 502, Crit0_60 = 11210
UG_61 = 501, Crit0_61 = 479
UG_62 = 501, Crit0_62 = 579
UG_63 = 2, Crit0_63 = 1440
UG_64 = 503700, Crit0_64 = 787
UG_65 = 3, Crit0_65 = 7901
UG_66 = 503, Crit0_66 = 1008
UG_67 = 502, Crit0_67 = 868
UG_68 = 2316, Crit0_68 = 2221
UG_69 = 501, Crit0_69 = 2715
UG_70 = 503, Crit0_70 = 281
UG_71 = 2, Crit0_71 = 11008
UG_72 = 3604, Crit0_72 = 841
UG_73 = 3317, Crit0_73 = 3410
UG_74 = 700, Crit0_74 = 566
UG_75 = 602, Crit0_75 = 11
UG_76 = 1, Crit0_76 = 8849
UG_77 = 3, Crit0_77 = 1509
UG_78 = 604, Crit0_78 = 10
UG_79 = 21, Crit0_79 = 1499
UG_80 = 3, Crit0_80 = 1005
UG_81 = 503, Crit0_81 = 2769
UG_82 = 3, Crit0_82 = 5292
UG_83 = 2604, Crit0_83 = 1228
UG_84 = 3, Crit0_84 = 3913
UG_85 = 1700, Crit0_85 = 1553
UG_86 = 3, Crit0_86 = 5616
UG_87 = 1700, Crit0_87 = 1576
UG_88 = 3, Crit0_88 = 5430
UG_89 = 502, Crit0_89 = 3159
UG_90 = 501, Crit0_90 = 1998
UG_91 = 502, Crit0_91 = 2969
UG_92 = 503, Crit0_92 = 2988
UG_93 = 2, Crit0_93 = 3508
UG_94 = 1, Crit0_94 = 3896
UG_95 = 1, Crit0_95 = 3048
UG_96 = 2, Crit0_96 = 2007
UG_97 = 502, Crit0_97 = 1519
UG_98 = 2600, Crit0_98 = 2084
UG_99 = 503, Crit0_99 = 252
UG_100 = 604, Crit0_100 = 17
UG_101 = 3603, Crit0_101 = 2002
UG_102 = 3602, Crit0_102 = 352
UG_103 = 3700, Crit0_103 = 1021
UG_104 = 3, Crit0_104 = 529
UG_105 = 3700, Crit0_105 = 1238
UG_106 = 36700, Crit0_106 = 9613
UG_107 = 3700, Crit0_107 = 577
UG_108 = 1700, Crit0_108 = 1088
UG_109 = 1700, Crit0_109 = 565
UG_110 = 1700, Crit0_110 = 1661
UG_111 = 503700, Crit0_111 = 1252
UG_112 = 502, Crit0_112 = 1442
UG_113 = 5700, Crit0_113 = 1486
UG_114 = 700, Crit0_114 = 884
UG_115 = 6, Crit0_115 = 2853
UG_116 = 3, Crit0_116 = 11233
UG_117 = 501700, Crit0_117 = 967
UG_118 = 503700, Crit0_118 = 5295
UG_119 = 503700, Crit0_119 = 2720
UG_120 = 501700, Crit0_120 = 205
UG_121 = 500602, Crit0_121 = 1898
UG_122 = 603, Crit0_122 = 13
UG_123 = 3, Crit0_123 = 5061
UG_124 = 2604, Crit0_124 = 2101
UG_125 = 2319, Crit0_125 = 3485
UG_126 = 2700, Crit0_126 = 634
UG_127 = 503, Crit0_127 = 836
UG_128 = 10604, Crit0_128 = 496
UG_129 = 2, Crit0_129 = 1499
UG_130 = 1700, Crit0_130 = 276
UG_131 = 3, Crit0_131 = 6491
UG_132 = 2602, Crit0_132 = 697
UG_133 = 2700, Crit0_133 = 72
UG_134 = 1700, Crit0_134 = 1543
UG_135 = 700, Crit0_135 = 1773
UG_136 = 3700, Crit0_136 = 642
UG_137 = 3, Crit0_137 = 5429
UG_138 = 3700, Crit0_138 = 247
UG_139 = 503, Crit0_139 = 3762
UG_140 = 1700, Crit0_140 = 1496
UG_141 = 2, Crit0_141 = 2449
UG_142 = 2311, Crit0_142 = 2262
UG_143 = 503, Crit0_143 = 455
UG_144 = 500700, Crit0_144 = 1874
UG_145 = 502, Crit0_145 = 16
UG_146 = 2601, Crit0_146 = 824
UG_147 = 2, Crit0_147 = 3700
UG_148 = 500700, Crit0_148 = 75
UG_149 = 2700, Crit0_149 = 1381
UG_150 = 1700, Crit0_150 = 1013
UG_151 = 2, Crit0_151 = 1696
UG_152 = 3, Crit0_152 = 2838
UG_153 = 2, Crit0_153 = 1390
UG_154 = 501, Crit0_154 = 3753
UG_155 = 602, Crit0_155 = 24
UG_156 = 2603, Crit0_156 = 208
UG_157 = 801, Crit0_157 = 0
UG_158 = 3, Crit0_158 = 1261
UG_159 = 3, Crit0_159 = 5778
UG_160 = 5600, Crit0_160 = 2076
UG_161 = 2, Crit0_161 = 1202
UG_162 = 3700, Crit0_162 = 530
UG_163 = 3, Crit0_163 = 4902
UG_164 = 3700, Crit0_164 = 1051
UG_165 = 3601, Crit0_165 = 637
UG_166 = 1700, Crit0_166 = 2628
UG_167 = 3, Crit0_167 = 1779
UG_168 = 2, Crit0_168 = 7878
UG_169 = 3, Crit0_169 = 4910
UG_170 = 3, Crit0_170 = 314
UG_171 = 2, Crit0_171 = 3755
UG_172 = 502, Crit0_172 = 1186
UG_173 = 503, Crit0_173 = 1574
UG_174 = 503, Crit0_174 = 1182
UG_175 = 2700, Crit0_175 = 592
UG_176 = 501, Crit0_176 = 3942
UG_177 = 3, Crit0_177 = 2277
UG_178 = 2, Crit0_178 = 1189
UG_179 = 700, Crit0_179 = 238
UG_180 = 15, Crit0_180 = 735
UG_181 = 36, Crit0_181 = 509
UG_182 = 503700, Crit0_182 = 944
UG_183 = 501700, Crit0_183 = 1770
UG_184 = 503602, Crit0_184 = 9486
UG_185 = 501700, Crit0_185 = 961
UG_186 = 500700, Crit0_186 = 1407
UG_187 = 1, Crit0_187 = 551
UG_188 = 503700, Crit0_188 = 1570
UG_189 = 503, Crit0_189 = 592
UG_190 = 502, Crit0_190 = 804
UG_191 = 1304, Crit0_191 = 1348
UG_192 = 1302, Crit0_192 = 89
UG_193 = 1602, Crit0_193 = 262
UG_194 = 2316, Crit0_194 = 2929
UG_195 = 20319, Crit0_195 = 5852
UG_196 = 3700, Crit0_196 = 1027
UG_197 = 3, Crit0_197 = 4989
UG_198 = 503, Crit0_198 = 1310
UG_199 = 503700, Crit0_199 = 935
UG_200 = 2601, Crit0_200 = 287
UG_201 = 2, Crit0_201 = 2243
UG_202 = 1700, Crit0_202 = 516
UG_203 = 503, Crit0_203 = 9038
UG_204 = 2, Crit0_204 = 3311
UG_205 = 3, Crit0_205 = 3171
UG_206 = 1, Crit0_206 = 2166
UG_207 = 3, Crit0_207 = 668
UG_208 = 3, Crit0_208 = 4225
UG_209 = 503, Crit0_209 = 319
UG_210 = 2, Crit0_210 = 8120
UG_211 = 3, Crit0_211 = 3865
UG_212 = 3, Crit0_212 = 1877
UG_213 = 3, Crit0_213 = 2558
UG_214 = 503, Crit0_214 = 165
UG_215 = 2700, Crit0_215 = 949
UG_216 = 3, Crit0_216 = 7429
UG_217 = 1, Crit0_217 = 2148
UG_218 = 2700, Crit0_218 = 490
UG_219 = 3, Crit0_219 = 3921
UG_220 = 2, Crit0_220 = 984
UG_221 = 2, Crit0_221 = 1099
UG_222 = 2, Crit0_222 = 1186
UG_223 = 2306, Crit0_223 = 407
UG_224 = 2, Crit0_224 = 2490
UG_225 = 2, Crit0_225 = 799
UG_226 = 3, Crit0_226 = 4749
UG_227 = 2, Crit0_227 = 5031
UG_228 = 3, Crit0_228 = 10515
UG_229 = 20, Crit0_229 = 7623
UG_230 = 21, Crit0_230 = 9687
UG_231 = 3, Crit0_231 = 6991
UG_232 = 503, Crit0_232 = 3270
UG_233 = 1, Crit0_233 = 4555
UG_234 = 2314, Crit0_234 = 453
UG_235 = 1600, Crit0_235 = 1769
UG_236 = 3604, Crit0_236 = 276
UG_237 = 1316, Crit0_237 = 3928
UG_238 = 1318, Crit0_238 = 3737
UG_239 = 1318, Crit0_239 = 4849
UG_240 = 502, Crit0_240 = 2290
UG_241 = 602, Crit0_241 = 59
UG_242 = 2, Crit0_242 = 2112
UG_243 = 2, Crit0_243 = 1265
UG_244 = 502, Crit0_244 = 2074
UG_245 = 3, Crit0_245 = 6041
UG_246 = 2, Crit0_246 = 693
UG_247 = 502, Crit0_247 = 2687
UG_248 = 4, Crit0_248 = 2056
UG_249 = 700, Crit0_249 = 821
UG_250 = 3309, Crit0_250 = 2339
UG_251 = 1, Crit0_251 = 5013
UG_252 = 1602, Crit0_252 = 1945
UG_253 = 3311, Crit0_253 = 1147
UG_254 = 3, Crit0_254 = 1127
UG_255 = 3, Crit0_255 = 999
UG_256 = 3, Crit0_256 = 2889
UG_257 = 3700, Crit0_257 = 964
UG_258 = 3, Crit0_258 = 4562
UG_259 = 1602, Crit0_259 = 229
UG_260 = 3, Crit0_260 = 3579
UG_261 = 501, Crit0_261 = 2361
UG_262 = 700, Crit0_262 = 1141
UG_263 = 2, Crit0_263 = 3839
UG_264 = 2, Crit0_264 = 4311
UG_265 = 1319, Crit0_265 = 7388
UG_266 = 1700, Crit0_266 = 3039
UG_267 = 2, Crit0_267 = 3401
UG_268 = 3602, Crit0_268 = 1302
UG_269 = 1, Crit0_269 = 2697
UG_270 = 3, Crit0_270 = 5243
UG_271 = 3602, Crit0_271 = 833
UG_272 = 3700, Crit0_272 = 1388
UG_273 = 2603, Crit0_273 = 465
UG_274 = 503, Crit0_274 = 1268
UG_275 = 602, Crit0_275 = 42
UG_276 = 604, Crit0_276 = 23
UG_277 = 502, Crit0_277 = 815
UG_278 = 1700, Crit0_278 = 2024
UG_279 = 604, Crit0_279 = 24
UG_280 = 2700, Crit0_280 = 707
UG_281 = 2319, Crit0_281 = 3365
UG_282 = 503, Crit0_282 = 10707
UG_283 = 700, Crit0_283 = 591
UG_284 = 1700, Crit0_284 = 1015
UG_285 = 1, Crit0_285 = 3811
UG_286 = 3600, Crit0_286 = 410
UG_287 = 2, Crit0_287 = 3082
UG_288 = 2, Crit0_288 = 639
UG_289 = 2, Crit0_289 = 2406
UG_290 = 3700, Crit0_290 = 1172
UG_291 = 3, Crit0_291 = 1730
UG_292 = 1700, Crit0_292 = 788
UG_293 = 1700, Crit0_293 = 477
UG_294 = 3, Crit0_294 = 412
UG_295 = 8601, Crit0_295 = 640
UG_296 = 3, Crit0_296 = 474
UG_297 = 2700, Crit0_297 = 539
UG_298 = 1700, Crit0_298 = 888
UG_299 = 3, Crit0_299 = 379
UG_300 = 20, Crit0_300 = 9577
UG_301 = 501, Crit0_301 = 799
UG_302 = 1, Crit0_302 = 520
UG_303 = 3, Crit0_303 = 256
UG_304 = 3700, Crit0_304 = 2030
UG_305 = 503700, Crit0_305 = 161
UG_306 = 2, Crit0_306 = 10155
UG_307 = 19600, Crit0_307 = 1156
UG_308 = 2700, Crit0_308 = 55
UG_309 = 1310, Crit0_309 = 3135
UG_310 = 700, Crit0_310 = 2374
UG_311 = 2700, Crit0_311 = 2434
UG_312 = 1602, Crit0_312 = 315
UG_313 = 3603, Crit0_313 = 493
UG_314 = 1, Crit0_314 = 2174
UG_315 = 700, Crit0_315 = 812
UG_316 = 3, Crit0_316 = 1163
UG_317 = 29, Crit0_317 = 4686
UG_318 = 3700, Crit0_318 = 854
UG_319 = 502, Crit0_319 = 2005
UG_320 = 1700, Crit0_320 = 1331
UG_321 = 700, Crit0_321 = 117
UG_322 = 700, Crit0_322 = 538
UG_323 = 700, Crit0_323 = 504
UG_324 = 3, Crit0_324 = 3736
UG_325 = 3, Crit0_325 = 3665
UG_326 = 3308, Crit0_326 = 897
UG_327 = 2, Crit0_327 = 3488
UG_328 = 2, Crit0_328 = 5099
UG_329 = 3, Crit0_329 = 4808
UG_330 = 503, Crit0_330 = 4385
UG_331 = 3, Crit0_331 = 3513
UG_332 = 2, Crit0_332 = 1702
UG_333 = 502, Crit0_333 = 1405
UG_334 = 4, Crit0_334 = 4191
UG_335 = 3303, Crit0_335 = 223
UG_336 = 2600, Crit0_336 = 1854
UG_337 = 3, Crit0_337 = 2101
UG_338 = 503, Crit0_338 = 3498
UG_339 = 2602, Crit0_339 = 248
UG_340 = 3, Crit0_340 = 181
UG_341 = 802, Crit0_341 = 0
UG_342 = 700, Crit0_342 = 643
UG_343 = 503, Crit0_343 = 1104
UG_344 = 503, Crit0_344 = 2268
UG_345 = 3, Crit0_345 = 1279
UG_346 = 3, Crit0_346 = 6395
UG_347 = 3, Crit0_347 = 10143
UG_348 = 3312, Crit0_348 = 2027
UG_349 = 3604, Crit0_349 = 480
UG_350 = 3, Crit0_350 = 4147
UG_351 = 3, Crit0_351 = 2399
UG_352 = 2700, Crit0_352 = 1755
UG_353 = 501, Crit0_353 = 471
UG_354 = 1, Crit0_354 = 579
UG_355 = 3, Crit0_355 = 842
UG_356 = 3, Crit0_356 = 2260
UG_357 = 3312, Crit0_357 = 2476
UG_358 = 700, Crit0_358 = 858
UG_359 = 1700, Crit0_359 = 1368
UG_360 = 1700, Crit0_360 = 1230
UG_361 = 2, Crit0_361 = 1428
UG_362 = 3, Crit0_362 = 8842
UG_363 = 3700, Crit0_363 = 624
UG_364 = 500700, Crit0_364 = 636
UG_365 = 503700, Crit0_365 = 5393
UG_366 = 2, Crit0_366 = 12103
UG_367 = 3600, Crit0_367 = 1589
UG_368 = 3, Crit0_368 = 4855
UG_369 = 502, Crit0_369 = 1421
UG_370 = 1, Crit0_370 = 201
UG_371 = 2301, Crit0_371 = 3647
UG_372 = 3, Crit0_372 = 2491
UG_373 = 501, Crit0_373 = 299
UG_374 = 503, Crit0_374 = 5079
UG_375 = 500, Crit0_375 = 864
UG_376 = 500, Crit0_376 = 2514
UG_377 = 3, Crit0_377 = 5262
UG_378 = 503, Crit0_378 = 532
UG_379 = 503, Crit0_379 = 1612
UG_380 = 2, Crit0_380 = 5130
UG_381 = 800, Crit0_381 = 0
UG_382 = 4, Crit0_382 = 1699
UG_383 = 501, Crit0_383 = 1632
UG_384 = 501, Crit0_384 = 1149
UG_385 = 502, Crit0_385 = 1786
UG_386 = 2, Crit0_386 = 840
UG_387 = 1600, Crit0_387 = 118
UG_388 = 3, Crit0_388 = 5839
UG_389 = 2, Crit0_389 = 4028
UG_390 = 3, Crit0_390 = 841
UG_391 = 501601, Crit0_391 = 1838
UG_392 = 1310, Crit0_392 = 889
UG_393 = 2, Crit0_393 = 16807
UG_394 = 1308, Crit0_394 = 8602
UG_395 = 2600, Crit0_395 = 317
UG_396 = 3319, Crit0_396 = 3474
UG_397 = 604, Crit0_397 = 8
UG_398 = 502, Crit0_398 = 1383
UG_399 = 700, Crit0_399 = 620
UG_400 = 2, Crit0_400 = 8165
UG_401 = 503, Crit0_401 = 3090
UG_402 = 1301, Crit0_402 = 1217
UG_403 = 2, Crit0_403 = 1287
UG_404 = 514700, Crit0_404 = 695
UG_405 = 502, Crit0_405 = 1019
UG_406 = 2, Crit0_406 = 1650
UG_407 = 503, Crit0_407 = 1373
UG_408 = 306, Crit0_408 = 902
UG_409 = 4, Crit0_409 = 2813
UG_410 = 503, Crit0_410 = 5355
UG_411 = 1309, Crit0_411 = 1093
UG_412 = 3, Crit0_412 = 1279
UG_413 = 1, Crit0_413 = 2443
UG_414 = 3604, Crit0_414 = 256
UG_415 = 602, Crit0_415 = 6
UG_416 = 3, Crit0_416 = 1074
UG_417 = 3, Crit0_417 = 2147
UG_418 = 2, Crit0_418 = 3142
UG_419 = 1, Crit0_419 = 2608
UG_420 = 3, Crit0_420 = 2306
UG_421 = 2, Crit0_421 = 684
UG_422 = 503, Crit0_422 = 516
UG_423 = 501602, Crit0_423 = 1166
UG_424 = 700, Crit0_424 = 0
UG_425 = 3700, Crit0_425 = 128
UG_426 = 802, Crit0_426 = 0
UG_427 = 503, Crit0_427 = 5900
UG_428 = 2700, Crit0_428 = 980
UG_429 = 501, Crit0_429 = 261
UG_430 = 3700, Crit0_430 = 207
UG_431 = 700, Crit0_431 = 421
UG_432 = 503, Crit0_432 = 984
UG_433 = 3, Crit0_433 = 18039
UG_434 = 3, Crit0_434 = 2810
UG_435 = 503, Crit0_435 = 2851
UG_436 = 2301, Crit0_436 = 602
UG_437 = 502, Crit0_437 = 1117
UG_438 = 3, Crit0_438 = 606
UG_439 = 3, Crit0_439 = 2131
UG_440 = 700, Crit0_440 = 162
UG_441 = 700, Crit0_441 = 1246
UG_442 = 3, Crit0_442 = 5471
UG_443 = 502, Crit0_443 = 5095
UG_444 = 3700, Crit0_444 = 2359
UG_445 = 2700, Crit0_445 = 914
UG_446 = 2700, Crit0_446 = 151
UG_447 = 3, Crit0_447 = 1222
UG_448 = 2700, Crit0_448 = 2326
UG_449 = 3, Crit0_449 = 539
UG_450 = 1, Crit0_450 = 332
UG_451 = 2700, Crit0_451 = 1314
UG_452 = 2, Crit0_452 = 11106
UG_453 = 3, Crit0_453 = 4459
UG_454 = 1, Crit0_454 = 2526
UG_455 = 3, Crit0_455 = 2340
UG_456 = 3, Crit0_456 = 5025
UG_457 = 503, Crit0_457 = 1212
UG_458 = 502, Crit0_458 = 1232
UG_459 = 700, Crit0_459 = 1833
UG_460 = 503, Crit0_460 = 1556
UG_461 = 503, Crit0_461 = 4117
UG_462 = 3600, Crit0_462 = 822
UG_463 = 503, Crit0_463 = 3916
UG_464 = 3, Crit0_464 = 1677
UG_465 = 503, Crit0_465 = 1641
UG_466 = 503, Crit0_466 = 3297
UG_467 = 503, Crit0_467 = 2522
UG_468 = 503, Crit0_468 = 1645
UG_469 = 1, Crit0_469 = 2286
UG_470 = 3, Crit0_470 = 3953
UG_471 = 2, Crit0_471 = 1779
UG_472 = 2313, Crit0_472 = 4642
UG_473 = 3602, Crit0_473 = 238
UG_474 = 502, Crit0_474 = 1705
UG_475 = 43601, Crit0_475 = 2903
UG_476 = 3, Crit0_476 = 4328
UG_477 = 2, Crit0_477 = 2990
UG_478 = 3, Crit0_478 = 771
UG_479 = 503, Crit0_479 = 1518
UG_480 = 21, Crit0_480 = 4404
UG_481 = 2, Crit0_481 = 4160
UG_482 = 503, Crit0_482 = 213
UG_483 = 502, Crit0_483 = 4484
UG_484 = 2600, Crit0_484 = 607
UG_485 = 602, Crit0_485 = 6
UG_486 = 3602, Crit0_486 = 503
UG_487 = 3310, Crit0_487 = 2061
UG_488 = 603, Crit0_488 = 19
UG_489 = 3700, Crit0_489 = 716
UG_490 = 3308, Crit0_490 = 370
UG_491 = 503, Crit0_491 = 5979
UG_492 = 503, Crit0_492 = 3611
UG_493 = 502, Crit0_493 = 2608
UG_494 = 2601, Crit0_494 = 811
UG_495 = 801, Crit0_495 = 0
UG_496 = 2603, Crit0_496 = 102
UG_497 = 3, Crit0_497 = 2152
UG_498 = 36, Crit0_498 = 8032
UG_499 = 3, Crit0_499 = 3224
UG_500 = 501, Crit0_500 = 3860
UG_501 = 19602, Crit0_501 = 2527
UG_502 = 3, Crit0_502 = 1794
UG_503 = 2602, Crit0_503 = 251
UG_504 = 3, Crit0_504 = 4922
UG_505 = 2, Crit0_505 = 5306
UG_506 = 2, Crit0_506 = 1296
UG_507 = 3, Crit0_507 = 262
UG_508 = 3, Crit0_508 = 709
UG_509 = 2, Crit0_509 = 1487
UG_510 = 501, Crit0_510 = 1715
UG_511 = 4, Crit0_511 = 470
UG_512 = 3601, Crit0_512 = 528
UG_513 = 501, Crit0_513 = 304
UG_514 = 2, Crit0_514 = 8816
UG_515 = 503, Crit0_515 = 231
UG_516 = 503, Crit0_516 = 2292
UG_517 = 503, Crit0_517 = 2393
UG_518 = 503, Crit0_518 = 2295
UG_519 = 21, Crit0_519 = 5526
UG_520 = 3, Crit0_520 = 3602
UG_521 = 3, Crit0_521 = 6555
UG_522 = 1, Crit0_522 = 1301
UG_523 = 501, Crit0_523 = 2901
UG_524 = 502, Crit0_524 = 6716
UG_525 = 500, Crit0_525 = 545
UG_526 = 502, Crit0_526 = 2285
UG_527 = 501, Crit0_527 = 3810
UG_528 = 503, Crit0_528 = 3025
UG_529 = 502, Crit0_529 = 822
UG_530 = 2601, Crit0_530 = 613
UG_531 = 1700, Crit0_531 = 870
UG_532 = 1, Crit0_532 = 5920
UG_533 = 15, Crit0_533 = 5141
UG_534 = 503, Crit0_534 = 11336
UG_535 = 19309, Crit0_535 = 3419
UG_536 = 3, Crit0_536 = 11921
UG_537 = 2, Crit0_537 = 3573
UG_538 = 3, Crit0_538 = 7023
UG_539 = 3, Crit0_539 = 1753
UG_540 = 3, Crit0_540 = 2971
UG_541 = 21, Crit0_541 = 1727
UG_542 = 3, Crit0_542 = 1430
UG_543 = 25, Crit0_543 = 917
UG_544 = 5, Crit0_544 = 3553
UG_545 = 1, Crit0_545 = 279
UG_546 = 3700, Crit0_546 = 1052
UG_547 = 1700, Crit0_547 = 853
UG_548 = 3, Crit0_548 = 1746
UG_549 = 1, Crit0_549 = 10578
UG_550 = 2, Crit0_550 = 3757
UG_551 = 503, Crit0_551 = 9475
UG_552 = 503, Crit0_552 = 175
UG_553 = 2, Crit0_553 = 12566
UG_554 = 700, Crit0_554 = 0
UG_555 = 502, Crit0_555 = 899
UG_556 = 3, Crit0_556 = 5232
UG_557 = 2, Crit0_557 = 563
UG_558 = 3, Crit0_558 = 1461
UG_559 = 3, Crit0_559 = 4056
UG_560 = 3, Crit0_560 = 3260
UG_561 = 3, Crit0_561 = 828
UG_562 = 3700, Crit0_562 = 2705
UG_563 = 2, Crit0_563 = 7362
UG_564 = 3, Crit0_564 = 18675
UG_565 = 700, Crit0_565 = 0
UG_566 = 501600, Crit0_566 = 2481
UG_567 = 500, Crit0_567 = 345
UG_568 = 2, Crit0_568 = 4566
UG_569 = 3313, Crit0_569 = 3170
UG_570 = 503, Crit0_570 = 9713
UG_571 = 501, Crit0_571 = 7015
UG_572 = 502, Crit0_572 = 6816
UG_573 = 501, Crit0_573 = 9039
UG_574 = 3, Crit0_574 = 4030
UG_575 = 2, Crit0_575 = 4679
UG_576 = 502, Crit0_576 = 433
UG_577 = 502, Crit0_577 = 2447
UG_578 = 3308, Crit0_578 = 9267
UG_579 = 501, Crit0_579 = 3694
UG_580 = 3, Crit0_580 = 1638
UG_581 = 2, Crit0_581 = 1434
UG_582 = 503, Crit0_582 = 592
UG_583 = 503, Crit0_583 = 8652
UG_584 = 501, Crit0_584 = 9847
UG_585 = 3, Crit0_585 = 344
UG_586 = 503, Crit0_586 = 8891
UG_587 = 3311, Crit0_587 = 121
UG_588 = 502, Crit0_588 = 2350
UG_589 = 1307, Crit0_589 = 483
UG_590 = 3700, Crit0_590 = 2263
UG_591 = 2, Crit0_591 = 9678
UG_592 = 2, Crit0_592 = 24607
UG_593 = 48700, Crit0_593 = 3961
UG_594 = 500, Crit0_594 = 4046
UG_595 = 3700, Crit0_595 = 1273
UG_596 = 3, Crit0_596 = 951
UG_597 = 800, Crit0_597 = 0
UG_598 = 500, Crit0_598 = 71
UG_599 = 3700, Crit0_599 = 84
UG_600 = 3, Crit0_600 = 25139
UG_601 = 3, Crit0_601 = 43
UG_602 = 20700, Crit0_602 = 467
UG_603 = 502, Crit0_603 = 6976
UG_604 = 1, Crit0_604 = 4839
UG_605 = 13, Crit0_605 = 1292
UG_606 = 604, Crit0_606 = 1
UG_607 = 1600, Crit0_607 = 2089
UG_608 = 501, Crit0_608 = 29
UG_609 = 20600, Crit0_609 = 3173
UG_610 = 502, Crit0_610 = 140
UG_611 = 15, Crit0_611 = 8695
UG_612 = 700, Crit0_612 = 13
UG_613 = 1, Crit0_613 = 2968
UG_614 = 4, Crit0_614 = 2479
UG_615 = 503, Crit0_615 = 8130
UG_616 = 503, Crit0_616 = 4592
UG_617 = 3, Crit0_617 = 5140
UG_618 = 36, Crit0_618 = 24370
UG_619 = 1, Crit0_619 = 3075
UG_620 = 3, Crit0_620 = 18288
UG_621 = 3603, Crit0_621 = 1013
UG_622 = 2, Crit0_622 = 3398
UG_623 = 1, Crit0_623 = 10531
UG_624 = 502, Crit0_624 = 11456
UG_625 = 2700, Crit0_625 = 4373
UG_626 = 3700, Crit0_626 = 1953
UG_627 = 2315, Crit0_627 = 13164
UG_628 = 3, Crit0_628 = 5757
UG_629 = 1311, Crit0_629 = 541
UG_630 = 1316, Crit0_630 = 10520
UG_631 = 1, Crit0_631 = 10196
UG_632 = 2, Crit0_632 = 1066
UG_633 = 503, Crit0_633 = 2404
UG_634 = 1603, Crit0_634 = 2340
UG_635 = 2700, Crit0_635 = 4569
UG_636 = 1, Crit0_636 = 3690
UG_637 = 2, Crit0_637 = 705
UG_638 = 1, Crit0_638 = 11189
UG_639 = 2, Crit0_639 = 10461
UG_640 = 502, Crit0_640 = 2779
UG_641 = 1700, Crit0_641 = 2040
UG_642 = 2313, Crit0_642 = 15427
UG_643 = 36700, Crit0_643 = 269
UG_644 = 503, Crit0_644 = 348
UG_645 = 600, Crit0_645 = 563
UG_646 = 503, Crit0_646 = 3478
UG_647 = 700, Crit0_647 = 85
UG_648 = 503, Crit0_648 = 10930
UG_649 = 503, Crit0_649 = 4324
UG_650 = 700, Crit0_650 = 509
UG_651 = 503, Crit0_651 = 2171
UG_652 = 3, Crit0_652 = 4046
UG_653 = 30, Crit0_653 = 3218
UG_654 = 1, Crit0_654 = 3894
UG_655 = 2700, Crit0_655 = 3763
UG_656 = 700, Crit0_656 = 155
UG_657 = 2700, Crit0_657 = 2614
UG_658 = 501, Crit0_658 = 220
UG_659 = 3, Crit0_659 = 2077
UG_660 = 3311, Crit0_660 = 4942
UG_661 = 2, Crit0_661 = 429
UG_662 = 3, Crit0_662 = 1140
UG_663 = 35600, Crit0_663 = 821
UG_664 = 3, Crit0_664 = 1853
UG_665 = 2, Crit0_665 = 5762
UG_666 = 3, Crit0_666 = 13066
UG_667 = 500, Crit0_667 = 491
UG_668 = 2700, Crit0_668 = 280
UG_669 = 36, Crit0_669 = 2704
UG_670 = 3, Crit0_670 = 1078
UG_671 = 700, Crit0_671 = 2114
UG_672 = 700, Crit0_672 = 1134
UG_673 = 700, Crit0_673 = 135
UG_674 = 501, Crit0_674 = 2182
UG_675 = 604, Crit0_675 = 23
UG_676 = 4700, Crit0_676 = 3715
UG_677 = 502, Crit0_677 = 25
UG_678 = 700, Crit0_678 = 2443
UG_679 = 19601, Crit0_679 = 4011
UG_680 = 2, Crit0_680 = 1783
UG_681 = 3, Crit0_681 = 3402
UG_682 = 3700, Crit0_682 = 1746
UG_683 = 1, Crit0_683 = 9208
UG_684 = 801, Crit0_684 = 0
UG_685 = 801, Crit0_685 = 0
UG_686 = 503, Crit0_686 = 1722
UG_687 = 503, Crit0_687 = 17116
UG_688 = 1, Crit0_688 = 3006
UG_689 = 2, Crit0_689 = 3438
UG_690 = 1700, Crit0_690 = 3964
UG_691 = 3, Crit0_691 = 6719
UG_692 = 1, Crit0_692 = 6028
UG_693 = 3, Crit0_693 = 5090
UG_694 = 2, Crit0_694 = 12418
UG_695 = 3, Crit0_695 = 4108
UG_696 = 502, Crit0_696 = 776
UG_697 = 501, Crit0_697 = 3296
UG_698 = 2, Crit0_698 = 8456
UG_699 = 1602, Crit0_699 = 1164
UG_700 = 2600, Crit0_700 = 2315
UG_701 = 21, Crit0_701 = 10350
UG_702 = 501700, Crit0_702 = 1131
UG_703 = 2700, Crit0_703 = 1631
UG_704 = 21, Crit0_704 = 3966
UG_705 = 1700, Crit0_705 = 3813
UG_706 = 19700, Crit0_706 = 1148
UG_707 = 503, Crit0_707 = 4151
UG_708 = 1317, Crit0_708 = 3267
UG_709 = 603, Crit0_709 = 3
UG_710 = 801, Crit0_710 = 0
UG_711 = 801, Crit0_711 = 0
UG_712 = 1, Crit0_712 = 8478
UG_713 = 18, Crit0_713 = 8261
UG_714 = 2, Crit0_714 = 1654
UG_715 = 503, Crit0_715 = 1585
UG_716 = 3, Crit0_716 = 4825
UG_717 = 501, Crit0_717 = 98
UG_718 = 500, Crit0_718 = 469
UG_719 = 503, Crit0_719 = 4678
UG_720 = 1700, Crit0_720 = 3881
UG_721 = 3, Crit0_721 = 7569
UG_722 = 21, Crit0_722 = 2672
UG_723 = 1700, Crit0_723 = 5828
UG_724 = 21700, Crit0_724 = 2964
UG_725 = 3700, Crit0_725 = 272
UG_726 = 500604, Crit0_726 = 1087
UG_727 = 19300, Crit0_727 = 1520
UG_728 = 36601, Crit0_728 = 323
UG_729 = 35604, Crit0_729 = 977
UG_730 = 500700, Crit0_730 = 846
UG_731 = 35700, Crit0_731 = 705
UG_732 = 36700, Crit0_732 = 963
UG_733 = 502, Crit0_733 = 6480
UG_734 = 501, Crit0_734 = 929
UG_735 = 21, Crit0_735 = 5984
UG_736 = 501, Crit0_736 = 1305
UG_737 = 2, Crit0_737 = 1647
UG_738 = 21302, Crit0_738 = 186
UG_739 = 19700, Crit0_739 = 2642
UG_740 = 21311, Crit0_740 = 1158
UG_741 = 20314, Crit0_741 = 1752
UG_742 = 21600, Crit0_742 = 469
UG_743 = 21700, Crit0_743 = 510
UG_744 = 3600, Crit0_744 = 452
UG_745 = 26313, Crit0_745 = 1595
UG_746 = 502, Crit0_746 = 119
UG_747 = 501700, Crit0_747 = 151
UG_748 = 21, Crit0_748 = 6833
UG_749 = 503, Crit0_749 = 4518
UG_750 = 2601, Crit0_750 = 511
UG_751 = 36, Crit0_751 = 2831
UG_752 = 36, Crit0_752 = 3318
UG_753 = 35, Crit0_753 = 4773
UG_754 = 36, Crit0_754 = 5178
UG_755 = 2, Crit0_755 = 2523
UG_756 = 1, Crit0_756 = 12049
UG_757 = 34, Crit0_757 = 2580
UG_758 = 3311, Crit0_758 = 2305
UG_759 = 35, Crit0_759 = 7562
UG_760 = 601, Crit0_760 = 293
UG_761 = 2309, Crit0_761 = 1962
UG_762 = 36310, Crit0_762 = 1197
UG_763 = 34316, Crit0_763 = 5078
UG_764 = 36700, Crit0_764 = 1037
UG_765 = 2, Crit0_765 = 12530
UG_766 = 36303, Crit0_766 = 259
UG_767 = 34, Crit0_767 = 8975
UG_768 = 30, Crit0_768 = 5378
UG_769 = 2700, Crit0_769 = 2909
UG_770 = 500604, Crit0_770 = 1540
UG_771 = 36600, Crit0_771 = 599
UG_772 = 20308, Crit0_772 = 1331
UG_773 = 3311, Crit0_773 = 963
UG_774 = 502, Crit0_774 = 1532
UG_775 = 36700, Crit0_775 = 3530
UG_776 = 2, Crit0_776 = 4055
UG_777 = 2, Crit0_777 = 2745
UG_778 = 3700, Crit0_778 = 3326
UG_779 = 1700, Crit0_779 = 773
UG_780 = 2, Crit0_780 = 3855
UG_781 = 1, Crit0_781 = 4037
UG_782 = 2700, Crit0_782 = 598
UG_783 = 2, Crit0_783 = 2599
UG_784 = 3, Crit0_784 = 1872
UG_785 = 21604, Crit0_785 = 1491
UG_786 = 34, Crit0_786 = 2745
UG_787 = 503, Crit0_787 = 1728
UG_788 = 503, Crit0_788 = 1504
UG_789 = 21, Crit0_789 = 3772
UG_790 = 21, Crit0_790 = 2155
UG_791 = 36, Crit0_791 = 3456
UG_792 = 503, Crit0_792 = 124
UG_793 = 503, Crit0_793 = 23
UG_794 = 502, Crit0_794 = 160
UG_795 = 500, Crit0_795 = 156
UG_796 = 21, Crit0_796 = 6174
UG_797 = 20, Crit0_797 = 3164
UG_798 = 21, Crit0_798 = 2864
UG_799 = 511, Crit0_799 = 138
UG_800 = 36, Crit0_800 = 3215
UG_801 = 21, Crit0_801 = 7301
UG_802 = 20, Crit0_802 = 4050
UG_803 = 35, Crit0_803 = 12054
UG_804 = 20700, Crit0_804 = 2072
UG_805 = 21603, Crit0_805 = 949
UG_806 = 30, Crit0_806 = 2492
UG_807 = 501, Crit0_807 = 1021
UG_808 = 34, Crit0_808 = 5986
UG_809 = 500700, Crit0_809 = 130
UG_810 = 19601, Crit0_810 = 380
UG_811 = 500, Crit0_811 = 187
UG_812 = 1, Crit0_812 = 1979
UG_813 = 501, Crit0_813 = 71
UG_814 = 34602, Crit0_814 = 73
UG_815 = 36700, Crit0_815 = 1266
UG_816 = 502, Crit0_816 = 850
UG_817 = 501, Crit0_817 = 325
UG_818 = 1700, Crit0_818 = 2050
UG_819 = 503700, Crit0_819 = 1340
UG_820 = 35700, Crit0_820 = 971
UG_821 = 502, Crit0_821 = 1291
UG_822 = 19, Crit0_822 = 1479
UG_823 = 20700, Crit0_823 = 1908
UG_824 = 20, Crit0_824 = 4055
UG_825 = 36700, Crit0_825 = 1356
UG_826 = 21700, Crit0_826 = 1211
UG_827 = 20700, Crit0_827 = 646
UG_828 = 51604, Crit0_828 = 1768
UG_829 = 21, Crit0_829 = 2179
UG_830 = 36604, Crit0_830 = 599
UG_831 = 601, Crit0_831 = 290
UG_832 = 20700, Crit0_832 = 1335
UG_833 = 35700, Crit0_833 = 1161
UG_834 = 700, Crit0_834 = 475
UG_835 = 21700, Crit0_835 = 800
UG_836 = 20700, Crit0_836 = 4238
UG_837 = 501, Crit0_837 = 1322
UG_838 = 503, Crit0_838 = 607
UG_839 = 503, Crit0_839 = 1220
UG_840 = 1604, Crit0_840 = 676
UG_841 = 2305, Crit0_841 = 1508
UG_842 = 20602, Crit0_842 = 1394
UG_843 = 21, Crit0_843 = 2937
UG_844 = 36, Crit0_844 = 6030
UG_845 = 36, Crit0_845 = 6987
UG_846 = 2700, Crit0_846 = 6467
UG_847 = 1700, Crit0_847 = 1973
UG_848 = 36, Crit0_848 = 5618
UG_849 = 35600, Crit0_849 = 2032
UG_850 = 35, Crit0_850 = 3471
UG_851 = 40, Crit0_851 = 5313
UG_852 = 20601, Crit0_852 = 915
UG_853 = 501, Crit0_853 = 527
UG_854 = 34, Crit0_854 = 21062
UG_855 = 21317, Crit0_855 = 11630
UG_856 = 19603, Crit0_856 = 570
UG_857 = 2, Crit0_857 = 1597
UG_858 = 2700, Crit0_858 = 3050
UG_859 = 36304, Crit0_859 = 2059
UG_860 = 502, Crit0_860 = 1905
UG_861 = 2700, Crit0_861 = 1010
UG_862 = 2604, Crit0_862 = 129
UG_863 = 1306, Crit0_863 = 36
UG_864 = 501, Crit0_864 = 1199
UG_865 = 3, Crit0_865 = 1675
UG_866 = 500, Crit0_866 = 3504
UG_867 = 503, Crit0_867 = 2467
UG_868 = 503, Crit0_868 = 4452
UG_869 = 1, Crit0_869 = 2974
UG_870 = 501, Crit0_870 = 2928
UG_871 = 36309, Crit0_871 = 5606
UG_872 = 602, Crit0_872 = 18
UG_873 = 3, Crit0_873 = 4395
UG_874 = 3, Crit0_874 = 6196
UG_875 = 501700, Crit0_875 = 1223
UG_876 = 36700, Crit0_876 = 1872
UG_877 = 502, Crit0_877 = 2367
UG_878 = 3, Crit0_878 = 4472
UG_879 = 1700, Crit0_879 = 1880
UG_880 = 501, Crit0_880 = 114
UG_881 = 34, Crit0_881 = 3358
UG_882 = 501700, Crit0_882 = 23
UG_883 = 21700, Crit0_883 = 1967
UG_884 = 11700, Crit0_884 = 595
UG_885 = 37700, Crit0_885 = 1505
UG_886 = 37700, Crit0_886 = 1470
UG_887 = 21, Crit0_887 = 4513
UG_888 = 3, Crit0_888 = 1793
UG_889 = 21700, Crit0_889 = 3059
UG_890 = 35700, Crit0_890 = 3520
UG_891 = 36700, Crit0_891 = 6450
UG_892 = 34700, Crit0_892 = 3089
UG_893 = 3, Crit0_893 = 35261
UG_894 = 34, Crit0_894 = 2493
UG_895 = 21700, Crit0_895 = 1164
UG_896 = 21, Crit0_896 = 1323
UG_897 = 36, Crit0_897 = 3536
UG_898 = 35, Crit0_898 = 8228
UG_899 = 21700, Crit0_899 = 3685
UG_900 = 20, Crit0_900 = 3136
UG_901 = 36700, Crit0_901 = 1872
UG_902 = 20, Crit0_902 = 9768
UG_903 = 34700, Crit0_903 = 945
UG_904 = 19604, Crit0_904 = 839
UG_905 = 21700, Crit0_905 = 2490
UG_906 = 36700, Crit0_906 = 1239
UG_907 = 19700, Crit0_907 = 517
UG_908 = 35700, Crit0_908 = 1022
UG_909 = 36700, Crit0_909 = 784
UG_910 = 34, Crit0_910 = 7919
UG_911 = 35700, Crit0_911 = 1927
UG_912 = 3, Crit0_912 = 9824
UG_913 = 23, Crit0_913 = 2373
UG_914 = 500, Crit0_914 = 1603
UG_915 = 3, Crit0_915 = 11507
UG_916 = 34700, Crit0_916 = 951
UG_917 = 34700, Crit0_917 = 502
UG_918 = 1, Crit0_918 = 1638
UG_919 = 502, Crit0_919 = 744
UG_920 = 500603, Crit0_920 = 372
UG_921 = 19600, Crit0_921 = 247
UG_922 = 19604, Crit0_922 = 881
UG_923 = 36, Crit0_923 = 1840
UG_924 = 21700, Crit0_924 = 1130
UG_925 = 21601, Crit0_925 = 363
UG_926 = 20, Crit0_926 = 3518
UG_927 = 21, Crit0_927 = 1441
UG_928 = 37, Crit0_928 = 4537
UG_929 = 21, Crit0_929 = 1521
UG_930 = 21, Crit0_930 = 1494
UG_931 = 20, Crit0_931 = 5067
UG_932 = 21, Crit0_932 = 6945
UG_933 = 37, Crit0_933 = 9350
UG_934 = 34700, Crit0_934 = 1089
UG_935 = 34700, Crit0_935 = 3772
UG_936 = 21, Crit0_936 = 3870
UG_937 = 34, Crit0_937 = 4051
UG_938 = 3700, Crit0_938 = 1272
UG_939 = 19, Crit0_939 = 5909
UG_940 = 35700, Crit0_940 = 1152
UG_941 = 21, Crit0_941 = 15639
UG_942 = 19308, Crit0_942 = 1780
UG_943 = 19700, Crit0_943 = 1144
UG_944 = 1700, Crit0_944 = 1775
UG_945 = 20, Crit0_945 = 2897
UG_946 = 37, Crit0_946 = 1639
UG_947 = 35700, Crit0_947 = 843
UG_948 = 21700, Crit0_948 = 501
UG_949 = 35700, Crit0_949 = 1522
UG_950 = 21700, Crit0_950 = 2113
UG_951 = 35700, Crit0_951 = 1249
UG_952 = 36, Crit0_952 = 2882
UG_953 = 20700, Crit0_953 = 1509
UG_954 = 19700, Crit0_954 = 1011
UG_955 = 36700, Crit0_955 = 1228
UG_956 = 19, Crit0_956 = 1940
UG_957 = 20700, Crit0_957 = 1408
UG_958 = 35, Crit0_958 = 2610
UG_959 = 36, Crit0_959 = 6469
UG_960 = 20700, Crit0_960 = 853
UG_961 = 2700, Crit0_961 = 1852
UG_962 = 19, Crit0_962 = 2126
UG_963 = 21, Crit0_963 = 1933
UG_964 = 19700, Crit0_964 = 989
UG_965 = 34700, Crit0_965 = 2063
UG_966 = 36700, Crit0_966 = 3616
UG_967 = 36, Crit0_967 = 7298
UG_968 = 34, Crit0_968 = 1374
UG_969 = 502, Crit0_969 = 725
UG_970 = 3, Crit0_970 = 6383
UG_971 = 2, Crit0_971 = 1084
UG_972 = 34700, Crit0_972 = 1472
UG_973 = 3700, Crit0_973 = 303
UG_974 = 3, Crit0_974 = 5696
UG_975 = 3, Crit0_975 = 3274
UG_976 = 503, Crit0_976 = 1816
UG_977 = 2, Crit0_977 = 3463
UG_978 = 3, Crit0_978 = 2799
UG_979 = 502, Crit0_979 = 1467
UG_980 = 19700, Crit0_980 = 619
UG_981 = 1, Crit0_981 = 7460
UG_982 = 1700, Crit0_982 = 1871
UG_983 = 1700, Crit0_983 = 213
UG_984 = 1700, Crit0_984 = 729
UG_985 = 21700, Crit0_985 = 1139
UG_986 = 3, Crit0_986 = 5985
UG_987 = 34700, Crit0_987 = 4439
UG_988 = 21, Crit0_988 = 9734
UG_989 = 2700, Crit0_989 = 840
UG_990 = 3700, Crit0_990 = 853
UG_991 = 3700, Crit0_991 = 408
UG_992 = 3, Crit0_992 = 1951
UG_993 = 21, Crit0_993 = 1774
UG_994 = 21, Crit0_994 = 5737
UG_995 = 502, Crit0_995 = 2334
UG_996 = 20, Crit0_996 = 3791
UG_997 = 36, Crit0_997 = 5804
UG_998 = 35, Crit0_998 = 15250
UG_999 = 19, Crit0_999 = 2350
UG_1000 = 20700, Crit0_1000 = 1189
UG_1001 = 19, Crit0_1001 = 4453
UG_1002 = 20, Crit0_1002 = 2791
UG_1003 = 46, Crit0_1003 = 1983
UG_1004 = 21, Crit0_1004 = 2825
UG_1005 = 36, Crit0_1005 = 2982
UG_1006 = 1700, Crit0_1006 = 1282
UG_1007 = 35, Crit0_1007 = 6489
UG_1008 = 36700, Crit0_1008 = 3970
UG_1009 = 20700, Crit0_1009 = 1038
UG_1010 = 19308, Crit0_1010 = 1018
UG_1011 = 35700, Crit0_1011 = 409
UG_1012 = 501700, Crit0_1012 = 1075
UG_1013 = 2310, Crit0_1013 = 4142
UG_1014 = 3, Crit0_1014 = 8170
UG_1015 = 36700, Crit0_1015 = 1888
UG_1016 = 21700, Crit0_1016 = 977
UG_1017 = 20700, Crit0_1017 = 645
UG_1018 = 19700, Crit0_1018 = 1514
UG_1019 = 1700, Crit0_1019 = 4729
UG_1020 = 36700, Crit0_1020 = 1969
UG_1021 = 34, Crit0_1021 = 6118
UG_1022 = 2, Crit0_1022 = 3639
UG_1023 = 2, Crit0_1023 = 10287
UG_1024 = 3700, Crit0_1024 = 1183
UG_1025 = 2, Crit0_1025 = 1678
UG_1026 = 20, Crit0_1026 = 9863
UG_1027 = 25700, Crit0_1027 = 2439
UG_1028 = 21, Crit0_1028 = 2333
UG_1029 = 1700, Crit0_1029 = 1423
UG_1030 = 21, Crit0_1030 = 9220
UG_1031 = 1700, Crit0_1031 = 513
UG_1032 = 1, Crit0_1032 = 311
UG_1033 = 3700, Crit0_1033 = 793
UG_1034 = 3, Crit0_1034 = 4811
UG_1035 = 2700, Crit0_1035 = 1055
UG_1036 = 1700, Crit0_1036 = 708
UG_1037 = 34700, Crit0_1037 = 1497
UG_1038 = 1700, Crit0_1038 = 859
UG_1039 = 1700, Crit0_1039 = 2097
UG_1040 = 19700, Crit0_1040 = 4403
UG_1041 = 3700, Crit0_1041 = 2022
UG_1042 = 1, Crit0_1042 = 2116
UG_1043 = 2, Crit0_1043 = 972
UG_1044 = 3700, Crit0_1044 = 504
UG_1045 = 3700, Crit0_1045 = 398
UG_1046 = 3700, Crit0_1046 = 1027
UG_1047 = 1700, Crit0_1047 = 1228
UG_1048 = 21, Crit0_1048 = 3971
UG_1049 = 3, Crit0_1049 = 5135
UG_1050 = 2, Crit0_1050 = 1388
UG_1051 = 3, Crit0_1051 = 1378
UG_1052 = 1700, Crit0_1052 = 1512
UG_1053 = 21308, Crit0_1053 = 6438
UG_1054 = 21, Crit0_1054 = 10357
UG_1055 = 502, Crit0_1055 = 5897
UG_1056 = 21601, Crit0_1056 = 2130
UG_1057 = 35700, Crit0_1057 = 4853
UG_1058 = 36, Crit0_1058 = 8570
UG_1059 = 19, Crit0_1059 = 15567
UG_1060 = 3, Crit0_1060 = 14380
UG_1061 = 35700, Crit0_1061 = 2311
UG_1062 = 21600, Crit0_1062 = 7553
UG_1063 = 502, Crit0_1063 = 7398
UG_1064 = 36300, Crit0_1064 = 2324
UG_1065 = 1, Crit0_1065 = 4507
UG_1066 = 35700, Crit0_1066 = 1229
UG_1067 = 36700, Crit0_1067 = 4788
UG_1068 = 700, Crit0_1068 = 2351
UG_1069 = 35600, Crit0_1069 = 3012
UG_1070 = 35318, Crit0_1070 = 16472
UG_1071 = 36, Crit0_1071 = 11390
UG_1072 = 36600, Crit0_1072 = 1606
UG_1073 = 19700, Crit0_1073 = 2847
UG_1074 = 20, Crit0_1074 = 10618
UG_1075 = 27700, Crit0_1075 = 2750
UG_1076 = 20700, Crit0_1076 = 2161
UG_1077 = 20, Crit0_1077 = 6048
UG_1078 = 21, Crit0_1078 = 9653
UG_1079 = 21, Crit0_1079 = 19283
UG_1080 = 35, Crit0_1080 = 3501
UG_1081 = 21, Crit0_1081 = 29961
UG_1082 = 36700, Crit0_1082 = 1689
UG_1083 = 3, Crit0_1083 = 12534
UG_1084 = 1700, Crit0_1084 = 1730
UG_1085 = 1314, Crit0_1085 = 1488
UG_1086 = 36, Crit0_1086 = 6500
UG_1087 = 3, Crit0_1087 = 7487
UG_1088 = 3, Crit0_1088 = 7095
UG_1089 = 500, Crit0_1089 = 6607
UG_1090 = 502, Crit0_1090 = 1747
UG_1091 = 21, Crit0_1091 = 1647
UG_1092 = 500, Crit0_1092 = 2255
UG_1093 = 35700, Crit0_1093 = 5002
UG_1094 = 35, Crit0_1094 = 10376
UG_1095 = 3700, Crit0_1095 = 326
UG_1096 = 20, Crit0_1096 = 7090
UG_1097 = 3, Crit0_1097 = 5032
UG_1098 = 2, Crit0_1098 = 7569
UG_1099 = 1, Crit0_1099 = 12178
UG_1100 = 3, Crit0_1100 = 10358
UG_1101 = 20, Crit0_1101 = 11947
UG_1102 = 1700, Crit0_1102 = 2224
UG_1103 = 3604, Crit0_1103 = 1661
UG_1104 = 502604, Crit0_1104 = 220
UG_1105 = 502, Crit0_1105 = 1628
UG_1106 = 1700, Crit0_1106 = 1956
UG_1107 = 1, Crit0_1107 = 1058
UG_1108 = 24700, Crit0_1108 = 2877
UG_1109 = 46700, Crit0_1109 = 857
UG_1110 = 2700, Crit0_1110 = 1925
UG_1111 = 2700, Crit0_1111 = 1376
UG_1112 = 3700, Crit0_1112 = 2472
UG_1113 = 3700, Crit0_1113 = 1052
UG_1114 = 506602, Crit0_1114 = 1000
UG_1115 = 2700, Crit0_1115 = 3832
UG_1116 = 501, Crit0_1116 = 4252
UG_1117 = 36604, Crit0_1117 = 2248
UG_1118 = 20, Crit0_1118 = 3226
UG_1119 = 1, Crit0_1119 = 5529
UG_1120 = 19700, Crit0_1120 = 2488
UG_1121 = 34700, Crit0_1121 = 1520
UG_1122 = 36700, Crit0_1122 = 4332
UG_1123 = 502, Crit0_1123 = 6937
UG_1124 = 20, Crit0_1124 = 7934
UG_1125 = 34, Crit0_1125 = 3183
UG_1126 = 36700, Crit0_1126 = 3383
UG_1127 = 36309, Crit0_1127 = 1125
UG_1128 = 36, Crit0_1128 = 16595
UG_1129 = 35, Crit0_1129 = 5341
UG_1130 = 36, Crit0_1130 = 28284
UG_1131 = 34310, Crit0_1131 = 4826
UG_1132 = 35604, Crit0_1132 = 3389
UG_1133 = 3, Crit0_1133 = 20135
UG_1134 = 35, Crit0_1134 = 296
UG_1135 = 2, Crit0_1135 = 9106
UG_1136 = 700, Crit0_1136 = 0
UG_1137 = 2, Crit0_1137 = 5094
UG_1138 = 20, Crit0_1138 = 6110
UG_1139 = 35700, Crit0_1139 = 5620
UG_1140 = 35, Crit0_1140 = 19163
UG_1141 = 700, Crit0_1141 = 1898
UG_1142 = 500601, Crit0_1142 = 1196
UG_1143 = 9306, Crit0_1143 = 400
UG_1144 = 503, Crit0_1144 = 715
UG_1145 = 502603, Crit0_1145 = 4496
UG_1146 = 500, Crit0_1146 = 2467
UG_1147 = 2, Crit0_1147 = 15084
UG_1148 = 503, Crit0_1148 = 4716
UG_1149 = 37, Crit0_1149 = 10015
UG_1150 = 1700, Crit0_1150 = 1871
UG_1151 = 3, Crit0_1151 = 5774
UG_1152 = 21601, Crit0_1152 = 400
UG_1153 = 36700, Crit0_1153 = 5619
UG_1154 = 3, Crit0_1154 = 4040
UG_1155 = 2700, Crit0_1155 = 1662
UG_1156 = 502, Crit0_1156 = 515
UG_1157 = 35700, Crit0_1157 = 890
UG_1158 = 27700, Crit0_1158 = 2247
UG_1159 = 2, Crit0_1159 = 3719
UG_1160 = 19700, Crit0_1160 = 2873
UG_1161 = 36, Crit0_1161 = 8749
UG_1162 = 36, Crit0_1162 = 4482
UG_1163 = 34603, Crit0_1163 = 1193
UG_1164 = 34600, Crit0_1164 = 1159
UG_1165 = 37700, Crit0_1165 = 1312
UG_1166 = 503700, Crit0_1166 = 7104
UG_1167 = 1, Crit0_1167 = 4317
UG_1168 = 502700, Crit0_1168 = 47
UG_1169 = 46700, Crit0_1169 = 656
UG_1170 = 21700, Crit0_1170 = 1262
UG_1171 = 21700, Crit0_1171 = 989
UG_1172 = 19700, Crit0_1172 = 1450
UG_1173 = 19700, Crit0_1173 = 463
UG_1174 = 502, Crit0_1174 = 1203
UG_1175 = 35, Crit0_1175 = 1844
UG_1176 = 36700, Crit0_1176 = 694
UG_1177 = 19, Crit0_1177 = 3544
UG_1178 = 20, Crit0_1178 = 14313
UG_1179 = 20, Crit0_1179 = 6929
UG_1180 = 21, Crit0_1180 = 2019
UG_1181 = 21, Crit0_1181 = 8389
UG_1182 = 3, Crit0_1182 = 9403
UG_1183 = 502, Crit0_1183 = 2361
UG_1184 = 35700, Crit0_1184 = 1918
UG_1185 = 36, Crit0_1185 = 2887
UG_1186 = 19700, Crit0_1186 = 1642
UG_1187 = 36, Crit0_1187 = 8521
UG_1188 = 3, Crit0_1188 = 3477
UG_1189 = 37, Crit0_1189 = 6308
UG_1190 = 21700, Crit0_1190 = 1254
UG_1191 = 36, Crit0_1191 = 8293
UG_1192 = 34700, Crit0_1192 = 1471
UG_1193 = 1603, Crit0_1193 = 779
UG_1194 = 34316, Crit0_1194 = 4165
UG_1195 = 2602, Crit0_1195 = 238
UG_1196 = 34604, Crit0_1196 = 1258
UG_1197 = 43313, Crit0_1197 = 11285
UG_1198 = 35316, Crit0_1198 = 3485
UG_1199 = 602, Crit0_1199 = 10
UG_1200 = 1, Crit0_1200 = 11650
UG_1201 = 21, Crit0_1201 = 780
UG_1202 = 30700, Crit0_1202 = 929
UG_1203 = 502, Crit0_1203 = 518
UG_1204 = 21305, Crit0_1204 = 1304
UG_1205 = 502603, Crit0_1205 = 106
UG_1206 = 502, Crit0_1206 = 382
UG_1207 = 21700, Crit0_1207 = 262
UG_1208 = 20700, Crit0_1208 = 1455
UG_1209 = 19700, Crit0_1209 = 3484
UG_1210 = 501700, Crit0_1210 = 474
UG_1211 = 2700, Crit0_1211 = 230
UG_1212 = 36700, Crit0_1212 = 566
UG_1213 = 19700, Crit0_1213 = 766
UG_1214 = 35700, Crit0_1214 = 394
UG_1215 = 35, Crit0_1215 = 3158
UG_1216 = 500700, Crit0_1216 = 1981
UG_1217 = 500700, Crit0_1217 = 19
UG_1218 = 21700, Crit0_1218 = 6361
UG_1219 = 20603, Crit0_1219 = 763
UG_1220 = 21600, Crit0_1220 = 667
UG_1221 = 19302, Crit0_1221 = 234
UG_1222 = 19, Crit0_1222 = 2253
UG_1223 = 19700, Crit0_1223 = 273
UG_1224 = 29603, Crit0_1224 = 681
UG_1225 = 500, Crit0_1225 = 272
UG_1226 = 503, Crit0_1226 = 1675
UG_1227 = 21, Crit0_1227 = 2319
UG_1228 = 21602, Crit0_1228 = 780
UG_1229 = 20, Crit0_1229 = 5765
UG_1230 = 35, Crit0_1230 = 5209
UG_1231 = 35700, Crit0_1231 = 2442
UG_1232 = 20700, Crit0_1232 = 393
UG_1233 = 35, Crit0_1233 = 3515
UG_1234 = 3, Crit0_1234 = 3605
UG_1235 = 2, Crit0_1235 = 11119
UG_1236 = 3700, Crit0_1236 = 3998
UG_1237 = 35700, Crit0_1237 = 914
UG_1238 = 34700, Crit0_1238 = 456
UG_1239 = 503700, Crit0_1239 = 2389
UG_1240 = 34700, Crit0_1240 = 247
UG_1241 = 48, Crit0_1241 = 2008
UG_1242 = 2700, Crit0_1242 = 307
UG_1243 = 502, Crit0_1243 = 385
UG_1244 = 48603, Crit0_1244 = 79
UG_1245 = 501, Crit0_1245 = 92
UG_1246 = 503602, Crit0_1246 = 101
UG_1247 = 36602, Crit0_1247 = 250
UG_1248 = 500601, Crit0_1248 = 34
UG_1249 = 35601, Crit0_1249 = 176
UG_1250 = 502700, Crit0_1250 = 84
UG_1251 = 501601, Crit0_1251 = 51
UG_1252 = 502, Crit0_1252 = 904
UG_1253 = 21, Crit0_1253 = 1767
UG_1254 = 3700, Crit0_1254 = 48
UG_1255 = 21603, Crit0_1255 = 34
UG_1256 = 502, Crit0_1256 = 2051
UG_1257 = 500, Crit0_1257 = 371
UG_1258 = 19700, Crit0_1258 = 1314
UG_1259 = 2700, Crit0_1259 = 163
UG_1260 = 503, Crit0_1260 = 984
UG_1261 = 501, Crit0_1261 = 38
UG_1262 = 502, Crit0_1262 = 407
UG_1263 = 3, Crit0_1263 = 1087
UG_1264 = 3, Crit0_1264 = 1126
UG_1265 = 3700, Crit0_1265 = 940
UG_1266 = 35700, Crit0_1266 = 1357
UG_1267 = 19, Crit0_1267 = 1768
UG_1268 = 500700, Crit0_1268 = 138
UG_1269 = 503700, Crit0_1269 = 693
UG_1270 = 19700, Crit0_1270 = 162
UG_1271 = 700, Crit0_1271 = 1832
UG_1272 = 502, Crit0_1272 = 3253
UG_1273 = 3, Crit0_1273 = 2302
UG_1274 = 3700, Crit0_1274 = 581
UG_1275 = 19700, Crit0_1275 = 345
UG_1276 = 3700, Crit0_1276 = 624
UG_1277 = 502, Crit0_1277 = 700
UG_1278 = 21, Crit0_1278 = 5643
UG_1279 = 19, Crit0_1279 = 816
UG_1280 = 21, Crit0_1280 = 1077
UG_1281 = 20, Crit0_1281 = 6158
UG_1282 = 21, Crit0_1282 = 1854
UG_1283 = 19700, Crit0_1283 = 331
UG_1284 = 19700, Crit0_1284 = 1127
UG_1285 = 1, Crit0_1285 = 1811
UG_1286 = 500, Crit0_1286 = 918
UG_1287 = 20, Crit0_1287 = 1617
UG_1288 = 20700, Crit0_1288 = 815
UG_1289 = 19700, Crit0_1289 = 426
UG_1290 = 35700, Crit0_1290 = 346
UG_1291 = 36, Crit0_1291 = 684
UG_1292 = 21700, Crit0_1292 = 890
UG_1293 = 19311, Crit0_1293 = 1423
UG_1294 = 36, Crit0_1294 = 1262
UG_1295 = 21, Crit0_1295 = 1477
UG_1296 = 20602, Crit0_1296 = 202
UG_1297 = 35, Crit0_1297 = 2264
UG_1298 = 21602, Crit0_1298 = 237
UG_1299 = 20308, Crit0_1299 = 1099
UG_1300 = 20700, Crit0_1300 = 1032
UG_1301 = 2, Crit0_1301 = 4377
UG_1302 = 2, Crit0_1302 = 3097
UG_1303 = 1, Crit0_1303 = 1330
UG_1304 = 700, Crit0_1304 = 518
UG_1305 = 21, Crit0_1305 = 2004
UG_1306 = 2700, Crit0_1306 = 1935
UG_1307 = 500, Crit0_1307 = 782
UG_1308 = 3700, Crit0_1308 = 331
UG_1309 = 3, Crit0_1309 = 2298
UG_1310 = 3700, Crit0_1310 = 1181
UG_1311 = 3, Crit0_1311 = 1607
UG_1312 = 503, Crit0_1312 = 453
UG_1313 = 2, Crit0_1313 = 3982
UG_1314 = 3700, Crit0_1314 = 1224
UG_1315 = 34, Crit0_1315 = 686
UG_1316 = 501, Crit0_1316 = 163
UG_1317 = 503, Crit0_1317 = 152
UG_1318 = 500, Crit0_1318 = 370
UG_1319 = 602, Crit0_1319 = 3
UG_1320 = 503, Crit0_1320 = 804
UG_1321 = 502, Crit0_1321 = 1534
UG_1322 = 19700, Crit0_1322 = 1281
UG_1323 = 34700, Crit0_1323 = 975
UG_1324 = 21700, Crit0_1324 = 1849
UG_1325 = 21, Crit0_1325 = 587
UG_1326 = 35, Crit0_1326 = 3028
UG_1327 = 35, Crit0_1327 = 539
UG_1328 = 501, Crit0_1328 = 418
UG_1329 = 3, Crit0_1329 = 719
UG_1330 = 1, Crit0_1330 = 647
UG_1331 = 20, Crit0_1331 = 1294
UG_1332 = 21, Crit0_1332 = 314
UG_1333 = 3, Crit0_1333 = 366
UG_1334 = 20, Crit0_1334 = 684
UG_1335 = 20700, Crit0_1335 = 787
UG_1336 = 21700, Crit0_1336 = 334
UG_1337 = 35, Crit0_1337 = 6670
UG_1338 = 36, Crit0_1338 = 968
UG_1339 = 2, Crit0_1339 = 1000
UG_1340 = 36, Crit0_1340 = 2160
UG_1341 = 19700, Crit0_1341 = 2541
UG_1342 = 3, Crit0_1342 = 6257
UG_1343 = 1700, Crit0_1343 = 495
UG_1344 = 21, Crit0_1344 = 14853
UG_1345 = 2600, Crit0_1345 = 384
UG_1346 = 1700, Crit0_1346 = 224
UG_1347 = 2700, Crit0_1347 = 581
UG_1348 = 3700, Crit0_1348 = 1199
UG_1349 = 36305, Crit0_1349 = 1136
UG_1350 = 20700, Crit0_1350 = 540
UG_1351 = 501, Crit0_1351 = 21
UG_1352 = 800, Crit0_1352 = 0
UG_1353 = 802, Crit0_1353 = 0
UG_1354 = 802, Crit0_1354 = 0
UG_1355 = 802, Crit0_1355 = 0
UG_1356 = 802, Crit0_1356 = 0
UG_1357 = 802, Crit0_1357 = 0
UG_1358 = 802, Crit0_1358 = 0
UG_1359 = 800, Crit0_1359 = 0
UG_1360 = 800, Crit0_1360 = 0
UG_1361 = 802, Crit0_1361 = 0
UG_1362 = 802, Crit0_1362 = 0
UG_1363 = 800, Crit0_1363 = 0
UG_1364 = 801, Crit0_1364 = 0
UG_1365 = 801, Crit0_1365 = 0
UG_1366 = 800, Crit0_1366 = 0
UG_1367 = 800, Crit0_1367 = 0
UG_1368 = 800, Crit0_1368 = 0
UG_1369 = 800, Crit0_1369 = 0
UG_1370 = 802, Crit0_1370 = 0
UG_1371 = 800, Crit0_1371 = 0
UG_1372 = 801, Crit0_1372 = 0
UG_1373 = 801, Crit0_1373 = 0
UG_1374 = 801, Crit0_1374 = 0
UG_1375 = 801, Crit0_1375 = 0
UG_1376 = 802, Crit0_1376 = 0
UG_1377 = 802, Crit0_1377 = 0
UG_1378 = 802, Crit0_1378 = 0
UG_1379 = 802, Crit0_1379 = 0
UG_1380 = 802, Crit0_1380 = 0
UG_1381 = 36700, Crit0_1381 = 934
UG_1382 = 800, Crit0_1382 = 0
UG_1383 = 800, Crit0_1383 = 0
UG_1384 = 503, Crit0_1384 = 700
UG_1385 = 502, Crit0_1385 = 135
UG_1386 = 21, Crit0_1386 = 1630
UG_1387 = 20, Crit0_1387 = 533
UG_1388 = 21, Crit0_1388 = 595
UG_1389 = 21, Crit0_1389 = 568
UG_1390 = 21, Crit0_1390 = 729
UG_1391 = 19700, Crit0_1391 = 577
UG_1392 = 503, Crit0_1392 = 409
UG_1393 = 20, Crit0_1393 = 2105
UG_1394 = 30601, Crit0_1394 = 208
UG_1395 = 20, Crit0_1395 = 4878
UG_1396 = 34700, Crit0_1396 = 947
UG_1397 = 20, Crit0_1397 = 8632
UG_1398 = 20700, Crit0_1398 = 978
UG_1399 = 20700, Crit0_1399 = 3926
UG_1400 = 19700, Crit0_1400 = 4014
UG_1401 = 35700, Crit0_1401 = 1385
UG_1402 = 3, Crit0_1402 = 1919
UG_1403 = 502, Crit0_1403 = 151
UG_1404 = 21, Crit0_1404 = 157
UG_1405 = 500700, Crit0_1405 = 23
4067981
